date,camera_canon_africa,camera_canon_americas,camera_canon_asia,camera_canon_europe,camera_canon_oceania,camera_nikon_africa,camera_nikon_americas,camera_nikon_asia,camera_nikon_europe,camera_nikon_oceania,camera_sony_africa,camera_sony_americas,camera_sony_asia,camera_sony_europe,camera_sony_oceania
2006-01-01,0.007346885035643219,0.11243275169285229,0.1424222353845035,0.14703292846958083,0.01787279937744388,0.007569517915511196,0.04235134331373339,0.25968607439157204,0.046934894931574114,0.007902094794503498,0.018601916322903613,0.1985333564587865,0.5713402820057147,0.09266081788892219,0.009869950085529614
2006-02-01,0.05139006446015729,0.09722556661340058,0.4687939922958326,0.08241196108918217,0.018725857996616888,0.003911027845246086,0.050023181872455115,0.09968198547860213,0.03521708779629005,0.007063813889060251,0.029050350365378605,0.1286459653537519,0.3980959339232077,0.10344202883977197,0.00985517237179985
2006-03-01,0.011203546619055357,0.10273048473385989,0.2260992666943112,0.11722364053399766,0.01917813503202584,0.0,0.050320069198857745,0.18390269989365354,0.0617517873554568,0.005597494679208961,0.0,0.15449763557594234,0.4959180232642552,0.1055324674897644,0.010869214546242187
2006-04-01,0.004380351186675616,0.11328060891929596,0.4273300556336639,0.08323589140771294,0.019168283222872663,0.00453679230048546,0.06128041658603831,0.06761304882861874,0.03883273071627506,0.004443290770743155,0.028990255880620902,0.16253309603265678,0.3431837132227467,0.08298070704894286,0.01203327026386117
2006-05-01,0.02617143423841481,0.1270415388831024,0.4609418372392935,0.1321486149534205,0.01987021009592952,0.007346885035643219,0.042775326688172736,0.16305652832620374,0.017230840669692393,0.002962193847162103,0.005596199330429442,0.15938094775627054,0.2562070675901249,0.12335430571398107,0.012812440314385365
2006-06-01,0.014916402951154416,0.11905510588936603,0.17398849439862452,0.10771281754438375,0.018118641513454704,0.003911027845246086,0.03960163889737375,0.0795163783447036,0.042364852385131324,0.005633094214184584,0.05873694949580051,0.14519561051109459,0.25234017839519113,0.08485686230243455,0.011893108529837701
2006-07-01,0.0,0.1561420589096644,0.32603028196503364,0.11828018553078173,0.018725857996616888,0.0,0.05490862344553368,0.16640654045923184,0.046150366337044606,0.0038508520013107346,0.011255031287260393,0.1268645936196218,0.3926793033780782,0.08638753216777072,0.013068134259549367
2006-08-01,0.006257644552393737,0.15713760211619945,0.2998706008926922,0.08997294681898246,0.0152018990104214,0.0,0.06175749069721686,0.0729051943260196,0.04375661634044047,0.007189197909353957,0.020641498115851,0.16585082972879056,0.5915707036708284,0.08492312410046632,0.013253747337701632
2006-09-01,0.007822055690492172,0.12143692956126183,0.34312894885717043,0.09159827969018114,0.016132641748789586,0.0,0.04119967588823967,0.1260126143052499,0.04658386174888834,0.008985099633018056,0.014609118069073142,0.14897468633312447,0.4097938713765824,0.16224670325684984,0.011848775388648413
2006-10-01,0.005162556755724833,0.1554386002414989,0.34525311672955783,0.09270359438334498,0.017858021663714117,0.0,0.04530330730006307,0.14967045178498298,0.0350615854017508,0.0026856780807522425,0.04399987389931753,0.173547393935937,0.4563009751372373,0.16564920417922924,0.015101144513010627
2006-11-01,0.006883409007633111,0.11342311132110937,0.17513424324186444,0.07705409315376231,0.0190220773813331,0.0,0.05147831888489056,0.17977308157249272,0.04475637190091315,0.0060043203704891164,0.045857662210233276,0.1600960429924751,0.5916496359491863,0.09404496041268981,0.010618446505654775
2006-12-01,0.0,0.12589050838010604,0.36395174073018355,0.15093611124757148,0.020905074091617716,0.0,0.05249990551575546,0.07909070033570914,0.03202444434761785,0.003745171599323377,0.033518319274058024,0.135896640629179,0.3827058584198578,0.0815362803773941,0.010994598566535894
2007-01-01,0.011125385607398267,0.12592559025042435,0.3935573236960784,0.09066314511232852,0.021738429092484374,0.0059224024450331226,0.049919491105138374,0.08602258887387912,0.04270127665720142,0.0042171522530386795,0.0242502107306579,0.1287285879159114,0.4894443415104977,0.17124475385675916,0.009689262911953935
2007-02-01,0.017918706371979787,0.12962288795892804,0.488993251088822,0.13449750611922012,0.017184532015177275,0.0,0.06998606508136361,0.09819018868840564,0.03228794532643088,0.007410410522481846,0.029109140671067388,0.14422403351407995,0.2998546916730771,0.1404761267758511,0.011049901719817868
2007-03-01,0.009071402374208835,0.15375951746673688,0.2158285300554132,0.10495933231465747,0.014975760492716924,0.0,0.0927639971068174,0.09457593747567465,0.03434573906804166,0.008017627005644028,0.021406380856859912,0.1315138604685987,0.2759052453499184,0.09339917074085692,0.012651456759116038
2007-04-01,0.01371374453114403,0.11689232614790374,0.31671067556805155,0.09726377657309643,0.020674009669336652,0.003911027845246086,0.05014261996563936,0.15408711132375144,0.0417061646327833,0.005934239503477381,0.023783957962326602,0.14881649865946778,0.48461418281013857,0.10564449300976228,0.009036595084662955
2007-05-01,0.022263287986797636,0.11919948367579615,0.17494084113767636,0.11001275374635158,0.017993257493161,0.0,0.06927325154088396,0.09005011465849856,0.031052801647923574,0.0050001300051999535,0.0,0.15741605827370897,0.2500712883608111,0.14402123748838072,0.012651456759116038
2007-06-01,0.0135743573617176,0.10231574408145697,0.13833306760233424,0.07696125146281238,0.01689323853503765,0.005192728982044189,0.04768546346462838,0.10156681100877611,0.032641451369986516,0.005291423485339576,0.019140313024020188,0.1454503336230586,0.27649622471957874,0.09441257727501594,0.01346018223709976
2007-07-01,0.0,0.137038744800134,0.1603013172477499,0.09336498664838816,0.018429638611900678,0.0,0.05132560584308792,0.08266324184939734,0.04107995968429032,0.0039762360216044415,0.00998237187437017,0.16522657683571884,0.30509181405987085,0.09132043166410908,0.013238969623971869
2007-08-01,0.0,0.11763143067314386,0.21166471366209502,0.1622980464944877,0.019423977168036666,0.0,0.05964913390710671,0.0733941439869382,0.035581109387574736,0.0039762360216044415,0.022263287986797636,0.1589946841197612,0.24399018939357323,0.09195380452158096,0.012244631067835883
2007-09-01,0.0,0.13242850478417253,0.2771134661773612,0.09866104264150571,0.02039749390292679,0.0,0.05144551869019449,0.2063428383560208,0.03696411987134159,0.005628168309607997,0.07759178443895146,0.141123449724108,0.4075587715026221,0.08961851156854213,0.0096191820449422
2007-10-01,0.0,0.1252520314520978,0.28438905036240203,0.08564850436986174,0.018284550973300624,0.0,0.05135005665156707,0.19343374162674884,0.07615959885821334,0.005301275294492751,0.007995124803298401,0.1583386676339692,0.45871120310392827,0.09929853348120561,0.012059017989683616
2007-11-01,0.006233720636303337,0.12990816530061194,0.18470740825556223,0.09298285994696331,0.01771181582217455,0.0056275156436301965,0.05306308732399519,0.06299579483120468,0.03349336953028426,0.003328494098890048,0.021657082994124496,0.1533039960754046,0.21871660778437554,0.09050684268718731,0.014604534336412392
2007-12-01,0.018185840601252407,0.10708347955740004,0.36275803891277186,0.11453791007538634,0.016336399300580853,0.0025030578209574946,0.051675167084568235,0.2161224715062472,0.03271905681111195,0.005040655444752164,0.017575901885921754,0.1373060735159136,0.34370570357026614,0.0912184780892516,0.014267789512143969
2008-01-01,0.011179625491182794,0.12032614691345717,0.32653071342856665,0.08908413652455821,0.01629206615939157,0.0066428331906973346,0.06374094106779235,0.15902284802442687,0.042798847354643704,0.005035729540175576,0.02568114001633129,0.15005251331955574,0.4436736493178662,0.09131435284329718,0.00829414277205389
2008-02-01,0.010481554625259508,0.14434514728713446,0.35845347660903476,0.13214045491859933,0.019544435283753783,0.007650684871952424,0.04740464431091549,0.1979545768921977,0.04114016122317505,0.007530868638198966,0.06841893954072584,0.17164002228585803,0.3765413377516466,0.12992372050364345,0.008569540335524239
2008-03-01,0.019190002299528407,0.1167723859662909,0.20672365833394757,0.0951945681378469,0.018133419227184467,0.008050803214985925,0.04460233262347868,0.11107954565570141,0.047225621532391404,0.007119117042342223,0.028708687519109013,0.1249766163145459,0.25253409345377,0.09450601450689516,0.0103923079879503
2008-04-01,0.0,0.12354191563972418,0.42136469428646384,0.08163487311010588,0.020965303149476276,0.0,0.05558062577898984,0.13245067656957132,0.04197057457482883,0.00445314257989633,0.00998237187437017,0.1478452375643777,0.37172707154486184,0.0917824593117976,0.010226398528104383
2008-05-01,0.014717693987376837,0.12803003149048656,0.4263069163171953,0.11449698516827993,0.016336399300580853,0.0036102412412747763,0.06035538026501614,0.18791471136453056,0.06652532415111723,0.006842601275932362,0.02517566346955981,0.15678206776124662,0.32285739477505665,0.11586355357129352,0.01246584368096377
2008-06-01,0.012178482961077387,0.12718163300794524,0.18843566739062836,0.10369459954445893,0.017109525243588955,0.0018772933657181209,0.06690041642664576,0.09630030966340908,0.041213631915056226,0.007003584831201692,0.04508902620261703,0.13224991672626174,0.20715344341207587,0.08890690317673644,0.011531734182686342
2008-07-01,0.016619044934788538,0.10047113438256706,0.2037296850267774,0.08339674873531036,0.016035254011288056,0.002785901487861004,0.04875781424457495,0.1153831159940701,0.048716708980207524,0.007369885082929635,0.038497508390406436,0.14683577153073982,0.2726198329737017,0.10932207043777788,0.012239705163259295
2008-08-01,0.004849674528105146,0.12884857818378706,0.39509683614333,0.1112003349788709,0.015322357126138518,0.0,0.05266393831236404,0.17243389453984798,0.05059703670299971,0.006712291351062067,0.05045141777729824,0.15342823924148297,0.38046287950904495,0.13024046212397394,0.013610195780276403
2008-09-01,0.014856058498515703,0.1251527544941722,0.309882750418503,0.0876055257502754,0.016442079702568214,0.002190175593337808,0.05474954452301359,0.30081300016148893,0.05302099154760732,0.005874010445618822,0.032116196563188856,0.14509517418128925,0.3354443616948166,0.08332119247143119,0.013328754109289956
2008-10-01,0.011263760194308726,0.1228969992548799,0.3029762630854447,0.07174470634863006,0.01705914799488357,0.0021992088567875006,0.061770261032358074,0.1570220096204978,0.037330904710081686,0.006647136388626921,0.022176197775162117,0.14033021291123707,0.5251567168409216,0.08312286384357201,0.011938559873966498
2008-11-01,0.01676352409055318,0.10459837889319874,0.16020743994413283,0.07380407306483203,0.01735536737959978,0.008851085386706122,0.07447443881918123,0.09909537791349596,0.03478288156809533,0.005517562003044052,0.03465842347390326,0.14592465548609504,0.24282424631894403,0.0836303343440275,0.012771914874833156
2008-12-01,0.00907358460097092,0.10232098547957515,0.3406654521870562,0.0797608037032654,0.017687186299291613,0.002190175593337808,0.06447011282151056,0.16517745206810022,0.037904501734687214,0.007656252658492671,0.004380351186675616,0.12866044286805822,0.3721506842458658,0.09196824872707439,0.010301405299692704
2009-01-01,0.01730502017706344,0.10480242378819714,0.3670657705227459,0.08495051987134539,0.016165563936158353,0.004952019499505234,0.06592872370885781,0.13540055704675677,0.04123022204245126,0.009322962660225989,0.06656237190289273,0.13394236223760822,0.40910234481748087,0.1008685122314781,0.010156317661092647
2009-02-01,0.007039850121442954,0.11830529525639567,0.3189972501699072,0.12142733067399525,0.015734108721995255,0.0,0.057184307958656054,0.15584082681205125,0.05937961976925931,0.009212356353662044,0.019807807878596748,0.1205751169428301,0.4262073803134045,0.11286614646845568,0.010698379181819683
2009-03-01,0.0,0.1253466001549057,0.2966601006711946,0.09725951098350981,0.014267789512143969,0.0028137578218150982,0.07409568130183312,0.24417731522175237,0.04019359878812399,0.006883126715484572,0.008441273465445294,0.1255551917417362,0.3759830298792483,0.09203467850707737,0.014493928029848446
2009-04-01,0.00971144467985867,0.12063445116624089,0.38898174632020643,0.1314374498017118,0.018359557744888944,0.0026715945584157162,0.0805769783821211,0.16605579562377773,0.06706752730658513,0.007902094794503498,0.04676176329113816,0.13424266471482094,0.3800710264597912,0.08844008445473547,0.00938319171808455
2009-05-01,0.011727236222318835,0.11170296053729721,0.3134080049146807,0.09451194611215118,0.01679852814514298,0.005162556755724833,0.06095651052775511,0.19279204915508558,0.05183478452633219,0.007902094794503498,0.0402677624802971,0.11235737087688547,0.4691002835861242,0.09656168196217138,0.01094422131783051
2009-06-01,0.013448088474227113,0.10789846760927073,0.42195611394832633,0.1288352817757783,0.014218530466378098,0.002659498934767338,0.07255223220212792,0.22259709062129981,0.04236048496389659,0.007109265233189049,0.031782183833157694,0.1544900559262354,0.2777900241820731,0.12272137761681995,0.00829414277205389
2009-07-01,0.01848437634246146,0.11657456615763627,0.26175298582309453,0.07661264591195588,0.01888684155188622,0.0015644111380984343,0.05895098767568597,0.23876180187243626,0.043977007582341056,0.005457332945185492,0.027840983761592254,0.13284379011216654,0.45399582914432507,0.09914749570043997,0.01130066976040528
2009-08-01,0.009230025714780762,0.13558659289602934,0.1605336679347153,0.14693070403938685,0.019007299667603336,0.0007822055690492172,0.0614713569508835,0.10433428380608596,0.06224049805408609,0.006531604177486389,0.021303395624889143,0.16633186403699513,0.23556935574089224,0.09735999984268295,0.010105940412387264
2009-09-01,0.01538968421444928,0.12628321307324894,0.45187575818461534,0.1562959787645977,0.016206089375710563,0.0015644111380984343,0.06851701554829409,0.18251253386659144,0.063475411932595,0.007189197909353957,0.05638909061869702,0.14975407190646833,0.2778241593898165,0.08683556555423892,0.01224955697241247
2009-10-01,0.01177535138570599,0.11990574699568772,0.36108180207902585,0.09330271366677435,0.017882651186597053,0.01613177865629121,0.06781667015976142,0.22092921722188788,0.05122749314335151,0.007184272004777371,0.031237672487415342,0.15683188337256226,0.3519822464574888,0.08813147477602921,0.010577921066102565
2009-11-01,0.006257644552393737,0.11092264226060794,0.3298608928222685,0.08657623962952696,0.01692391216543669,0.0020337344795279644,0.08619337847846831,0.2037774907478293,0.043782467054377605,0.006892978524637747,0.007352732349062641,0.12788145245939878,0.40704213153884955,0.09526088073664422,0.011827953567402552
2009-12-01,0.005788321210964207,0.1238950045400823,0.2595029356979609,0.07382245030816989,0.01710459933901237,0.0015644111380984343,0.0811223184334242,0.1870652798262182,0.0374614327971025,0.009212356353662044,0.019546410319182094,0.12992343276412754,0.4405292138220542,0.08817140349777058,0.009327888564802577
2010-01-01,0.009658922649569978,0.1231589046680312,0.3838944868857922,0.13210367339019452,0.016035254011288056,0.004849674528105146,0.0701199435515719,0.11869599472773042,0.05778193712552042,0.007766858965056616,0.012390545490569609,0.15127545230840828,0.5033598489531026,0.12278114283227082,0.011842731281132316
2010-02-01,0.011823466549093145,0.13150635733598645,0.38901973142208435,0.08408423394482616,0.017405744628305166,0.007605537455249973,0.0751600651739129,0.12790551653610063,0.043566186384632326,0.007952472043208883,0.028460767237809034,0.14367650871828702,0.44085642478934034,0.10096515277008725,0.010286627585962943
2010-03-01,0.007453759611810164,0.1339781609466171,0.39764994368550133,0.09160752102014558,0.017350441475023192,0.004380351186675616,0.07577870292089366,0.21199923888669744,0.04671728782414946,0.008841130197357513,0.014988487516285162,0.12531894248772646,0.3456296567901848,0.0905020433661113,0.009453272585096284
2010-04-01,0.03155689494105611,0.12335125170838071,0.35067606133614226,0.11632291868720428,0.018003109302314173,0.013304271608918573,0.07217567549413316,0.20549956051684135,0.07024542388113784,0.0077816366787863776,0.06395330047476072,0.17316010069352192,0.43342860935472316,0.11984185735829163,0.009860098276376439
2010-05-01,0.009335375091625027,0.11340249239391052,0.3348261450014289,0.12290766563309384,0.01740081872372858,0.003911027845246086,0.06997878133824842,0.2438684507659213,0.05568455247433438,0.007661178563069259,0.023992512546093473,0.14161619946631607,0.3528235729034609,0.11086825755535423,0.010582846970679152
2010-06-01,0.01529506258338561,0.1101351869105525,0.3770185586481392,0.08604029298725971,0.01775726716630335,0.003598145617626399,0.07562149355112527,0.2150242808476274,0.04484713325979487,0.006888052620061158,0.036407884104391365,0.1392407927367973,0.3414422933787704,0.0787139595186079,0.010999524471112482
2010-07-01,0.015621542076574745,0.13046269678777667,0.3652926026504752,0.0879229558870451,0.01753605455317546,0.004927961917811657,0.07433562919349522,0.17923942722082248,0.04045910285544966,0.006702439541908894,0.021774379613869962,0.1390346605730997,0.4456310829901255,0.09692542849095834,0.011406350162392637
2010-08-01,0.007518206726322176,0.11550491147093417,0.36071776151638746,0.08856121361208132,0.017290212417164635,0.004067468959055929,0.07000667644396637,0.19170033496947825,0.04901931939963175,0.007776710774209789,0.014071119266510066,0.1416228267039136,0.4104796019997927,0.09856228372602706,0.010577921066102565
2010-09-01,0.013255494155075313,0.11504042441420838,0.3339767753643094,0.09429558758961186,0.01734058966587002,0.008363685442605613,0.0791678960395768,0.17618758653763034,0.0420383747969954,0.007776710774209789,0.019866860332925063,0.13991128084702006,0.3677098055232931,0.09930326784710225,0.010527543817397182
2010-10-01,0.013399973310839959,0.11694798558743277,0.27086378589015736,0.087831421284189,0.01615078622242859,0.005318997869534676,0.08907041833419103,0.2690611017700776,0.048240576426053235,0.008675220737511596,0.01918842818740734,0.1385358966063876,0.38864896516358116,0.0927584287261924,0.010818837297536804
2010-11-01,0.019182313542781566,0.11168627878112368,0.3364573895283061,0.08775902043159647,0.019132683687897042,0.008538203159086434,0.08014516833522499,0.2626397086614649,0.03946209420825456,0.007068739793636839,0.016973945044494947,0.13316602608212638,0.3054381554868622,0.09347320513055163,0.00944342077594311
2010-12-01,0.013959546000021198,0.11659164962803228,0.3453148310902117,0.08006340272471277,0.017827348033315083,0.008417781585015369,0.07624802563259227,0.22777887166382446,0.041246908704187527,0.0076009495052107,0.015530071782745411,0.13215779793785049,0.32035189009146575,0.0892549549433055,0.010216546718951208
2011-01-01,0.015662321649258498,0.13088344784760303,0.4171055886869322,0.08733539775987735,0.01783227393789167,0.006979773000010599,0.08461998886230727,0.17792465743448369,0.051000752430833046,0.00748049138949358,0.01526530471851288,0.1303853567804788,0.38434032556726555,0.08361585654393101,0.01033207893009174
2011-02-01,0.026399297938066387,0.12804696172554866,0.3938354018951651,0.13771993672318317,0.018294402782453797,0.016552706138490136,0.07701020136136866,0.20611620028795985,0.07024760786549543,0.007535794542775552,0.03461237621564449,0.12127480307393537,0.40762372189535384,0.1112987638221925,0.009814646932247642
2011-03-01,0.007196291235252798,0.11955182384114779,0.3700204063700569,0.10315719873298487,0.017998183397737587,0.002190175593337808,0.07586620737233439,0.2644057974767957,0.06471033181728124,0.00825361733250168,0.006257644552393737,0.12957944198499283,0.3579796497541557,0.12182558438814232,0.009393043527237724
2011-04-01,0.013760970701846799,0.12339410912505851,0.3626779715800208,0.13221335781834498,0.017169754301447515,0.008231301910489347,0.09343693020240934,0.2723128655191846,0.06596566299061268,0.00896651421765122,0.025897498629816003,0.12700194722690375,0.3707242002476773,0.11063449019771487,0.009508575738378254
2011-05-01,0.01311712964393645,0.11343050969707744,0.3458676116852127,0.11959909138985139,0.01723490926388266,0.0067752167228136,0.07358675550095133,0.2404991018977875,0.06194967123294567,0.009137349582073724,0.018015053001031928,0.13798020800044625,0.39638780577626476,0.1171421770165207,0.009272585411520606
2011-06-01,0.014567233852589593,0.11863300086797986,0.3504721359672864,0.0952013074617785,0.017119377052742128,0.008068879817656903,0.08374576108394197,0.21375708256457882,0.0622354087539336,0.009318036755649402,0.015271285697535478,0.1239532042089309,0.3881166188133401,0.09151089898704522,0.009207430449085457
2011-07-01,0.012641825323484316,0.12390032231017768,0.3453951095841601,0.10384965977132951,0.019212616364061953,0.00894731571348043,0.07319092858911001,0.2402644214722678,0.05907691731946561,0.008359297734489035,0.01631825833081723,0.12790622229918736,0.3951541927135234,0.10864761212655043,0.008072930158926002
2011-08-01,0.029452596412158055,0.13496508107839553,0.38161153759936106,0.1093439443193032,0.0179478061490322,0.02265390289475549,0.0942224327900052,0.16352155951655498,0.07495710100227929,0.008369149543642212,0.025457880985287472,0.12448891476194085,0.4065703910535815,0.10240526737498885,0.009327888564802577
2011-09-01,0.019736008267603734,0.11589793416798487,0.34714916209653807,0.11739905990608758,0.01705914799488357,0.010185369155079073,0.08506098133902928,0.25540590639719185,0.07304140711016119,0.009669559293647585,0.01924105323235956,0.12403855769146088,0.41801609952478186,0.1084327726092808,0.008916136968945835
2011-10-01,0.01685377343830489,0.11976959087317614,0.3985865187301847,0.10747070075304388,0.016692847743155624,0.007587460852578996,0.08550201714597971,0.24769940215288144,0.06601613085109766,0.009568804796236816,0.013466165076898092,0.12036167800155816,0.3295936185793358,0.12831422811218196,0.00938319171808455
2011-11-01,0.01460936803695415,0.117713166475597,0.3557896808422225,0.08951331454188932,0.01628109614729888,0.0077162479340381,0.09953048382553976,0.2612429982700435,0.06890353399956967,0.00890628515979266,0.01593918433713941,0.12794646304911356,0.358465646600619,0.10852463391058052,0.010457462950385446
2011-12-01,0.0409749889791179,0.11540098595214959,0.20618177733514986,0.09864029740238577,0.015623502415431315,0.010475707311840088,0.08832178178223876,0.1378659259181772,0.07811451096614186,0.009910475525081824,0.03609605587561319,0.12127470546408668,0.24305058579034855,0.10122450670647358,0.010110866316963852
2012-01-01,0.01434460097272162,0.12055906443531027,0.35637413113672956,0.12124221400240764,0.0175212768394457,0.009212082777712962,0.1013280888451447,0.2693544688199007,0.07389560504496188,0.008188462370066533,0.014350715617347395,0.1226671472475564,0.353012118526739,0.10808189315080609,0.00993510504796476
2012-02-01,0.016637121537459512,0.12489982639696691,0.35184752388207385,0.12039428956812823,0.018234173724595237,0.008965392316151408,0.10446713209517924,0.25499059920633926,0.07721551353230086,0.00831384639036024,0.022287257388541225,0.11652183499824288,0.3707677974204593,0.10880960953430653,0.009096824142521514
2012-03-01,0.008917143487161074,0.11017072478713642,0.18208114121033486,0.10090793212726182,0.017942880244455613,0.004380351186675616,0.09476741878849383,0.12434883462644099,0.05795030830699821,0.009799869218517878,0.01911605096009879,0.12005932962284477,0.24778968168332013,0.07621156217492495,0.007902094794503498
2012-04-01,0.01385122004959851,0.1243466608834357,0.20769722156506237,0.12130947938473344,0.0168735349167313,0.008207244328795769,0.09571936375373155,0.14905874685903986,0.07394980539631628,0.01033207893009174,0.015848934989387695,0.12448827589084414,0.19870011954734967,0.10796042741712591,0.008439230410653944
2012-05-01,0.02563141844937889,0.11393542374480058,0.20964448049179224,0.12084576027919168,0.01888684155188622,0.007592321804850344,0.09474187781033473,0.13301409825731464,0.06605507600635009,0.008665368928358421,0.020355174641287513,0.1163201716433397,0.21399061487071805,0.09928538723949973,0.00809263377723235
2012-06-01,0.023636830771377303,0.12505271702131723,0.34281694195924506,0.11660523942400439,0.01781749622416191,0.004861770151753524,0.09565911285417007,0.31912476844892873,0.08596055838329425,0.008785827044075541,0.02066382973191154,0.1278254352979703,0.34537274321062816,0.10065213967169007,0.00904152098923954
2012-07-01,0.02559785419213698,0.13004805165428668,0.3023448894264397,0.09471944329256109,0.016517086474156534,0.019853856648352576,0.10596239203899498,0.22050963141318938,0.06104263099577713,0.01062829831480795,0.032112669451711456,0.10854385683472972,0.46106249905777164,0.07987515594537128,0.008499459468512506
2012-08-01,0.02792273646600948,0.12246554933975236,0.28722036207874857,0.12375791311878101,0.01771181582217455,0.01969027298131092,0.10005741945382929,0.2526790819434925,0.06900240770447262,0.00985517237179985,0.02995137084488061,0.1226671445566687,0.4221365764620969,0.11028763874856207,0.008077856063502588
2012-09-01,0.0237756559902474,0.11708576594768579,0.3100577397389982,0.11317998861901479,0.01657731553201509,0.01432593690062749,0.10411536430358041,0.25990454378690736,0.06839993772717799,0.00920250454450887,0.043041427964150135,0.1233531702767452,0.4443400713025122,0.12260823839727752,0.009865024180953025
2012-10-01,0.01790074607158664,0.13195908305077736,0.35521950219054305,0.11604370298619582,0.016045105820441233,0.007948458243585836,0.10945162573513155,0.25874287901286797,0.07346303201680697,0.011100278968523251,0.0120581950526095,0.13407575343751507,0.3663661869693042,0.10098131913173386,0.008499459468512506
2012-11-01,0.016570929771401382,0.12265199184272267,0.20734597724319268,0.07911340819852536,0.015929573609300703,0.009320408728135651,0.11715714895085977,0.15784039471490177,0.0608272166070417,0.010322227120938565,0.012016060868244945,0.10474515973442894,0.2164549641284158,0.0750443651183182,0.009393043527237724
2012-12-01,0.015391573606003366,0.12012665894933927,0.21533323798604762,0.08258954317622513,0.01472499245212951,0.008718701854589854,0.1034211733749618,0.13786538722937947,0.06764123591299269,0.010341930739244914,0.013797123907188756,0.10144964087417395,0.20602807625496233,0.08517950919532899,0.010577921066102565
2013-01-01,0.014675559803012283,0.12060244249867921,0.200625802911351,0.10616740382096808,0.015739034626571845,0.012798266437294162,0.10701838837437845,0.14206588030474895,0.08452063415027171,0.00997563048751697,0.010433573127475533,0.12200078638148892,0.21878416795037606,0.12294929466683603,0.009930179143388172
2013-02-01,0.01518547921441584,0.12192246464111958,0.207706266927903,0.11191296061615606,0.016336399300580853,0.009681406119142493,0.09636116859275483,0.1556866051730188,0.08222612811561018,0.009563878891660228,0.016619154597047662,0.10671383996460061,0.21824846398558845,0.12056954034048374,0.009744566065235905
2013-03-01,0.01630018172814625,0.14383893544845106,0.18722339563217763,0.11389485637023149,0.014734844261282683,0.008429877208663745,0.11634372792878858,0.14617023935209422,0.07780961010073617,0.010929443604100747,0.013177340430971983,0.11232927860899852,0.22603757054021975,0.11151524572720801,0.009980556392093557
2013-04-01,0.01676950506957578,0.12180569826657321,0.20874915205887995,0.11604192697778401,0.016391702453862827,0.00925421696207752,0.10100407782999414,0.14820683513605729,0.07502788712329145,0.010397233892526886,0.011883677336128677,0.11130982520423789,0.23304109392208566,0.12963322829324717,0.008855907911087275
2013-05-01,0.017157834316899226,0.12599689339148304,0.22338050148371075,0.11670180301113375,0.0167026995523088,0.011046565912707142,0.10084281742210419,0.1524982603619665,0.082961584578911,0.009207430449085457,0.014119483378649997,0.09815776238488781,0.20999337514122637,0.1151739795477221,0.009734714256082732
2013-06-01,0.03237409214123807,0.132290215033265,0.2190193148270908,0.11444316410173783,0.01646178332087456,0.017074076487435894,0.10870745211122011,0.14622365330018192,0.09058648439891227,0.00997563048751697,0.028116211663527048,0.10934526408370125,0.2418339156066518,0.11687788701999356,0.009207430449085457
2013-07-01,0.020248544697039236,0.1363593017767706,0.21642884687013375,0.11610338589177512,0.01628602205187547,0.015722098123002733,0.10919509738779586,0.14329394044453939,0.08834239633407932,0.009729788351506143,0.0211869126382988,0.1003343943258226,0.222724546386654,0.11100041778304702,0.009629033854095375
2013-08-01,0.026405278917088985,0.14355735875779835,0.22619747372089655,0.1164372097797627,0.01705422209030698,0.0220905387093669,0.11493131156565249,0.14074495210674046,0.07689039415643574,0.009799869218517878,0.0358556250443261,0.11402327166278732,0.22431991091783687,0.10853588418926774,0.008790752948652128
2013-09-01,0.027958563856271972,0.11774640627208653,0.21756778198510332,0.10823215313452235,0.016271244338145707,0.013773947203860947,0.10884517063934124,0.13352519545083336,0.06629033050827975,0.00944342077594311,0.04071415375901445,0.11796272361658365,0.2395339568863987,0.12869545383618655,0.009930179143388172
2013-10-01,0.02142438911339533,0.1404048840194544,0.189788916038144,0.10605033343743965,0.014734844261282683,0.03102998405227064,0.10421333816149335,0.13681305569692806,0.06561278675825122,0.009860098276376439,0.03636503841379543,0.11877159170296023,0.2312067027956198,0.12872054947308348,0.011049901719817868
2013-11-01,0.023840202120234147,0.13051035486541507,0.19817011074464122,0.10411681931117697,0.01735536737959978,0.012582858153031621,0.11216106841080019,0.13022318757439025,0.07121621220264311,0.008841130197357513,0.017155854622250992,0.10188287725179612,0.23227655523262758,0.10864193961135352,0.009448346680519696
2013-12-01,0.035617214664561685,0.1288842221216699,0.19495505569415883,0.090517376496845,0.015206824914997986,0.018281281730734837,0.11017293875427268,0.13621260964465867,0.058022866456833515,0.009558952987083641,0.023665883896904494,0.10549713965206879,0.22669119231067503,0.08520076218703802,0.010879066355395362
2014-01-01,0.027441288548207227,0.12138132306344368,0.19814872578760678,0.11271430848405842,0.014614386145565565,0.020361541554892063,0.10320607680809003,0.13950125464813184,0.07109413182036986,0.009684337007377346,0.03417803442957611,0.10041007332694131,0.22294634291407714,0.12642527117626906,0.011346121104534077
2014-02-01,0.03501113550770393,0.1273925815996848,0.21284772148251246,0.09896795724787426,0.01581404139816017,0.017558706161616547,0.1047480205711483,0.12824127950690362,0.0690253653884243,0.00938319171808455,0.02499453862288054,0.13124921171307485,0.2585327342618522,0.13825197544198042,0.010447611141232271
2014-03-01,0.013893354233963066,0.12511078929557484,0.35817346835671626,0.11711508187862367,0.017531128648598873,0.010902896468905065,0.10800546459225496,0.2219562156767453,0.06830996638159295,0.007596023600634111,0.01311114866491385,0.11143804664018159,0.39924088765522003,0.1213589236110027,0.010517692008244007
2014-04-01,0.02400319444541716,0.1321799748195924,0.21189381614281633,0.1089608438690611,0.01662769278072048,0.023452801902169945,0.1051229445098071,0.12895374080570576,0.07360777657183842,0.00873052389079357,0.03452486818508829,0.10725138119861194,0.23895846033080073,0.12758369511364923,0.010286627585962943
2014-05-01,0.0275096735119248,0.12328629291093626,0.18716443555074097,0.11149678665871138,0.015503044299714197,0.025267776137890437,0.09987810003242656,0.14364357874353303,0.05992158995751906,0.009086972333368339,0.04045844617012055,0.11228970131982009,0.2284939954364881,0.12582861251418676,0.011054827624394454
2014-06-01,0.02037306596496113,0.1258214060595405,0.19932434671026542,0.11398468202560343,0.014920457339434949,0.010036422531126736,0.10950092168577964,0.13347127573512207,0.044008071246079465,0.009378265813507963,0.018752942158954507,0.12496388602202524,0.22989297916465362,0.13325967521958254,0.011346121104534077
2014-07-01,0.025002864261633593,0.12279710963984507,0.2106398811723126,0.10394679158842189,0.013429508606700724,0.017712792293086997,0.09748638143062954,0.15019250336989004,0.06513484769813782,0.010748756430525069,0.04610375502474081,0.12785850868346052,0.2248227524202035,0.13439786327118955,0.011466579220251197
2014-08-01,0.036689156302366306,0.12395289109566522,0.20048164183754882,0.09496431624117861,0.0167026995523088,0.021753183723628028,0.09690674876710505,0.1478565490734874,0.06977356762429983,0.00902674327550978,0.03479355579394145,0.10711235357289062,0.2351923302379098,0.11564736921816454,0.00991540142965841
2014-09-01,0.015120825562748234,0.13232889650211363,0.2159912185574001,0.07864303385667232,0.015984876762582673,0.01027713201366569,0.09654175600324268,0.14815093216382152,0.04986250036185245,0.009322962660225989,0.012509441791368052,0.11865816825984093,0.22729808247707098,0.09963799554432963,0.010337004834668326
2014-10-01,0.032440698428213434,0.1304506517815371,0.20890285661625224,0.10296481878066306,0.016888312630461064,0.018354196862240983,0.10079048192491528,0.15445048797781705,0.05766381719531481,0.00890628515979266,0.04244100052948138,0.11628768705874483,0.22174989163209266,0.14615533589524143,0.009850246467223262
2014-11-01,0.029979648967529044,0.1363133552507105,0.20673215267331396,0.11553464157217565,0.014795073319141244,0.018265095838281738,0.11121033972592417,0.16057939815511568,0.06024224138119859,0.010452537045808858,0.03373611972686462,0.11884063914445914,0.24558532050195037,0.13174465985449657,0.010397233892526886
2014-12-01,0.02351556411003897,0.13051073230859045,0.19941059700944477,0.11345138800036372,0.014036725089862909,0.023616607159308127,0.1045529910595674,0.14011493976044423,0.07287889063794582,0.010266923967656593,0.030432209022853915,0.11246509739703937,0.2261940666107676,0.13713419660447393,0.011341195199957488
2015-01-01,0.032367970814293746,0.13330662228423143,0.20526705933560252,0.08114479125905595,0.013966644222851172,0.014719155652847215,0.09352161915067808,0.12752001775254307,0.05308427000195613,0.011401424257816048,0.030477253825060054,0.12070057933028772,0.22947062615285926,0.11738284384478664,0.010276775776809766
2015-02-01,0.01912223642134921,0.13572734706988013,0.16875319817805473,0.11074195540205191,0.013971570127427758,0.01075243633411782,0.1041476029703742,0.1221738784209753,0.05635928412649305,0.01062829831480795,0.008032726612314947,0.13643266661999845,0.21163177702221192,0.13251332554439904,0.01104497581524128
2015-03-01,0.023681151597554212,0.12716314140937948,0.21530516028832053,0.09953287341845886,0.013781031144698907,0.014697435157943776,0.10312894344092531,0.13241049133568983,0.05976316883009856,0.010382456178797123,0.016380043229973825,0.12635886401722266,0.23889748182242904,0.14078698941126105,0.011481356933980958
2015-04-01,0.022024343549855715,0.1443104592911217,0.24097529438660836,0.08487078112870403,0.01385111201171064,0.031009206294487668,0.09881328918601072,0.15015939999179667,0.05593449070943824,0.01056806925694939,0.029304715628681696,0.12419679069839336,0.2408550695150243,0.09557737715766762,0.011225662988816956
2015-05-01,0.046238620367898976,0.13602235988364236,0.2193489714163325,0.10798568812228297,0.015151521761716013,0.020219807109775983,0.09475747735139492,0.156394917473893,0.06721037286861936,0.00867029483293501,0.03234335597615661,0.12669226606931894,0.24255567816912013,0.1278518985809134,0.011823027662825966
2015-06-01,0.03008493714563097,0.12036998821920979,0.1981402960816939,0.10121735001664946,0.016396628358439413,0.020713188032899094,0.09543012669227978,0.14033040622264994,0.0709822033171181,0.008012701101067441,0.03802128640093134,0.11217187852417129,0.244613785863436,0.13097551690145723,0.011235514797970131
2015-07-01,0.033516208063502556,0.13204633210370703,0.20512177436774245,0.10492815650213032,0.015332208935291695,0.02766710914221612,0.09878576312443688,0.15368276396965624,0.06488743440781268,0.01033207893009174,0.03205257861421712,0.11372220529986747,0.2256244465682353,0.14578173580864281,0.009980556392093557
2015-08-01,0.025540435887130532,0.141241665017986,0.21634101853509186,0.10931883173555074,0.015276905782009721,0.013233123294090869,0.10672126558276746,0.1545268556508137,0.08192758439687518,0.00985517237179985,0.04678594591427801,0.11542688328315452,0.24677442807929778,0.13420201063954168,0.010512766103667418
2015-09-01,0.03165970276980081,0.1274510624316875,0.19287858095603014,0.10815656341183233,0.016290947956452057,0.02031500259328223,0.09631940399488452,0.14490485340617304,0.06475411634997102,0.008364223639065624,0.03000615916959235,0.10122700677190301,0.25027285116550596,0.12954908192509626,0.010989672661959306
2015-10-01,0.0394581966557883,0.13797469076803323,0.21893502821238034,0.08683718335437965,0.014438624876566475,0.018542697737942905,0.09846664055708719,0.14032639449449058,0.05162117552813204,0.009508575738378254,0.03442814229978634,0.10811296920289096,0.2349717428594294,0.09398401665098566,0.011697643642532259
2015-11-01,0.03143602624548361,0.136900741651825,0.23626465108388686,0.11179207650779775,0.014619312050142151,0.025748949811657297,0.10079254739159116,0.1518764188622618,0.07620940995830322,0.010327153025515153,0.020736805175409784,0.1126496421847702,0.22331264930296169,0.12551252613076438,0.010698379181819683
2015-12-01,0.027873319380491382,0.14139593839922357,0.22206229930919144,0.0813784326275533,0.01414733139642685,0.02338464224339308,0.10697171081689329,0.14120525206068407,0.06465275815158783,0.009137349582073724,0.02630641866831654,0.09618665131189454,0.21745884934110066,0.13834248880570954,0.012360163278976414
2016-01-01,0.04336864337558789,0.1306332997085696,0.21394353815517966,0.11985741220120906,0.0154575929555854,0.025599137768942577,0.09211840379705488,0.14845904045868902,0.06911070718156073,0.011155582121805225,0.027846755238229333,0.12108128304874712,0.248924221847991,0.13175242119994973,0.009031669180086367
2016-02-01,0.012629729699835938,0.14915483885399336,0.21780468982603463,0.09654942904383079,0.015462518860161987,0.011787447009354367,0.09568823052208683,0.14070879340313253,0.05475216558159197,0.010387382083373711,0.013490222658591669,0.11854674450782775,0.2582325142657799,0.1645226740423257,0.009794943313941292
2016-03-01,0.03441952609186718,0.12074498080402042,0.22767341551235504,0.10235300008314857,0.016105334878299793,0.020566542104445033,0.09897404688892793,0.14655670066120108,0.06716331452525809,0.009257807697790842,0.047394355820343376,0.10527844550552667,0.21598382810393882,0.13970519057289163,0.010281701681386354
2016-04-01,0.043710828609627134,0.12348819714221367,0.23605182299758212,0.11447208273058564,0.014267789512143969,0.02400376368600122,0.09248492313618316,0.14813952722139054,0.057271192276782075,0.009549101177930466,0.02110481928383305,0.10902435292007823,0.23502181520919085,0.11940445252589414,0.011827953567402552
2016-05-01,0.030949181276872937,0.13874738752092589,0.22491963021946637,0.10579040195539353,0.014508705743578206,0.016170440312662324,0.10094585587246868,0.1470899295688325,0.07801640497996241,0.00991540142965841,0.034861242943140136,0.10486105713461683,0.21861737453403648,0.1406479474328982,0.01122073708424037
2016-06-01,0.025214028694276094,0.12917121316122146,0.24200463029181588,0.10086844167088448,0.015216676724151163,0.009527526959204528,0.08839476358561683,0.15596186934061898,0.06440397682134538,0.00985517237179985,0.018610006303028583,0.10743149645163674,0.2307625391245872,0.12678567885380715,0.010572995161525977
2016-07-01,0.042207952108707564,0.13466796007932683,0.23639001105336802,0.10328355850490753,0.015628428320007905,0.025294278273059276,0.09559448498838732,0.14529754024903288,0.05944901006438594,0.008665368928358421,0.032878128757099605,0.11429185546029724,0.23618111738790834,0.14048714362888218,0.011351047009110665
2016-08-01,0.02771182441234219,0.1465423635824325,0.2206011558227149,0.10629035580210713,0.016938689879166448,0.029310416853663517,0.09053248248483245,0.15124390758248935,0.055479279625656554,0.008785827044075541,0.028537263829493703,0.10747945446074646,0.24354871646184362,0.1610712272828634,0.009920327334234997
2016-09-01,0.037692562733019526,0.13446521632436548,0.22484241591026524,0.12276899498770015,0.016290947956452057,0.015937875732689927,0.09414350219146578,0.1325909843494569,0.05054399134415018,0.009247955888637667,0.024078928295427564,0.10551088278497402,0.22824242053263988,0.1253977236237285,0.010105940412387264
2016-10-01,0.029947618760038534,0.13754842170401524,0.2462325218207141,0.08567310184781476,0.015688657377866465,0.015842015745015606,0.09258158460966982,0.13994325837090282,0.05053803658151619,0.008484681754782744,0.025182973328084016,0.10065609758496494,0.21785628248646569,0.10205496270087822,0.011471505124827783
2016-11-01,0.0325752973614106,0.14293888267517393,0.21061036942149347,0.09678377253973124,0.015859492742288966,0.020831286458551725,0.1017799250710525,0.14368041767608442,0.06959840354087488,0.00967941110280076,0.02415779647223868,0.09022194799140763,0.2015519667022281,0.13676108602953174,0.010105940412387264
2016-12-01,0.031153763365684713,0.13633712213895155,0.2425949167235343,0.10513557871867489,0.016707625456885387,0.02001729996747251,0.09373034452825113,0.14359564290967677,0.07684400573899622,0.01027184987223318,0.02639331695904379,0.09493000653127236,0.2200253468256846,0.12124012774050455,0.008665368928358421
2017-01-01,0.03670405960989726,0.1489897064999507,0.2625208012224299,0.10845315445292696,0.01575381234030161,0.01686147793531583,0.09295792433121788,0.1502129576751219,0.05394007861318749,0.011040049910664693,0.045236245908618494,0.1026066696968428,0.21558020378412227,0.14082647913206112,0.008850982006510688
2017-02-01,0.03970164551923331,0.1393345493608039,0.21825830083296005,0.08807817567131673,0.015091292703857454,0.03352921654470549,0.08912923805749508,0.14723298080729308,0.042525698314109864,0.00938319171808455,0.023583674318821007,0.10565581388250625,0.20463505185116215,0.1033304052220729,0.011170359835534986
2017-03-01,0.03972365799695551,0.13941125457985623,0.24686452176779328,0.10072043787094732,0.015442815241855637,0.022215698452969203,0.10059497826185915,0.14464788480932722,0.05961336520702231,0.009744566065235905,0.03919871985037432,0.10454806768629603,0.2378191961505162,0.12555403200508933,0.010457462950385446
2017-04-01,0.03242443783557216,0.15195284785371846,0.23265045115081634,0.08639120776063804,0.015688657377866465,0.012452878781554119,0.08553537106443108,0.13629667066749204,0.053457112468169546,0.008961588313074632,0.029673931778835896,0.10706608160986185,0.21950501357176638,0.09265222946654476,0.010994598566535894
2017-05-01,0.03862892601971019,0.14656881370742691,0.23498673396297287,0.08347242971437335,0.0162307188985935,0.021895019652263197,0.09323943744409609,0.14806060598977974,0.047686236586623604,0.0096191820449422,0.037035490065501615,0.1047460493764884,0.20796182930197055,0.09201117143947035,0.009794943313941292
2017-06-01,0.04028595216224634,0.13523523981863142,0.23762766353397644,0.09749971777700317,0.016587167341168267,0.021608090151996634,0.0997032244727978,0.13970741428889102,0.06561741934136767,0.009021817370933194,0.03006919409280259,0.09918113700937602,0.23477597122195923,0.12604600899610388,0.010035859545375529
2017-07-01,0.03952771012881457,0.13025671442653097,0.25075879017672525,0.10094135774248131,0.015211750819574576,0.026083947064748703,0.10078618600642991,0.16030700081361318,0.059971505632107215,0.009799869218517878,0.031202879189196526,0.10307670086784433,0.21375193001219717,0.14230684882358707,0.010633224219384537
2017-08-01,0.03537556170041944,0.14479467586114828,0.23595493990060262,0.11670847509988592,0.016391702453862827,0.028839189859626153,0.10196624893429608,0.13578461834236236,0.06890171276900672,0.009860098276376439,0.031327125409824,0.09779337573256702,0.5932611547479609,0.1406903299032921,0.009393043527237724
2017-09-01,0.03543555439484905,0.13869215433616944,0.24306878571838328,0.10790681315098644,0.014393173532437678,0.023036768384640655,0.09322863038286884,0.16736316422484773,0.05244928606913907,0.01015139175651606,0.01909205751271131,0.09886531917961171,0.21137842812147248,0.12676183651209483,0.011100278968523251
2017-10-01,0.03824091307187108,0.13845248187795367,0.23166122676493905,0.08713594595390671,0.01647319427469508,0.019059652833772377,0.1006655624129218,0.13640997981416278,0.05342187662587928,0.011642340489250287,0.017281667041550833,0.09500155700992975,0.18450511909607026,0.09103855586723096,0.008850982006510688
2017-11-01,0.041330309189597285,0.14598535757499204,0.22631666009732998,0.1060796345251788,0.017762193070879936,0.027577158792760674,0.0841732980207994,0.13335486570782146,0.06432910920043462,0.008258543237078267,0.013430797490667125,0.09483881760268362,0.19339309817523379,0.12833738523650715,0.009624107949518786
2017-12-01,0.03371047020755053,0.15443954148826747,0.21921490443481237,0.12703418778047293,0.014202634549708822,0.020135979180229756,0.08299518220476082,0.14140176694790696,0.06178287874937606,0.010211620814374621,0.02371793090442072,0.10711957683498308,0.20850020325117055,0.10987387310946875,0.011230588893393545
2018-01-01,0.04606977691168911,0.14600481783008165,0.22983127032784056,0.13353989510253222,0.014559082992283593,0.01950288548519315,0.09299425561309543,0.1476952352298246,0.07282433113267084,0.011401424257816048,0.03322912105694931,0.11601184814954218,0.18619849751602743,0.12776979709616648,0.009684337007377346
2018-02-01,0.04007910655661164,0.14582686307037387,0.22316131200817854,0.10634089774435329,0.01634132520515744,0.02137907427014667,0.08733311631944601,0.13998460643229196,0.061730753922686205,0.009082046428791752,0.019496798880750017,0.09183749380865512,0.23001525312026277,0.13219720094989276,0.010221472623527796
2018-03-01,0.03553960478379836,0.14219940487220792,0.19547211333093029,0.08838861685866241,0.01723490926388266,0.028597765703653646,0.08640220269377355,0.13614923054691272,0.05456124426246379,0.008725597986216983,0.02924351180141978,0.11595269296202995,0.1987465640649554,0.09597591340760818,0.009684337007377346
2018-04-01,0.03421196842531953,0.15090390119089345,0.24018941182921671,0.08565614676153466,0.015929573609300703,0.02888449072966792,0.08719662535743321,0.13664711590229428,0.044210755911004346,0.00754072044735214,0.022463045940511964,0.10645377397968475,0.22236843519471844,0.08623854629833505,0.012174550200824147
2018-05-01,0.037375025322354184,0.14037742622332905,0.256321847043937,0.09165888988565693,0.01522160262872775,0.017000115520843025,0.09832320031943122,0.14202940650995968,0.04563740447656745,0.01080405958380704,0.017922168548832003,0.10585367398525113,0.22145821072572633,0.09507939423669226,0.0096191820449422
2018-06-01,0.03871824805452756,0.14825964300051686,0.25378935025471194,0.09292386774949181,0.014443550781143061,0.026661735171561944,0.07623160517902061,0.134484997688349,0.05218273548893935,0.008961588313074632,0.012329383535047518,0.10050622501893755,0.21403076840264107,0.09254127142225542,0.012239705163259295
2018-07-01,0.04381685438622821,0.13816990191145487,0.2336152317331068,0.13278875157648226,0.016647396399026827,0.01800827770950493,0.08982263747127377,0.13612180109443203,0.05609101832204018,0.009318036755649402,0.02373437299976628,0.09833942677812409,0.22132075077622737,0.10176382456224715,0.00967941110280076
2018-08-01,0.04165438596541477,0.15410617643166685,0.22136485632238728,0.09741610615767632,0.015568199262149345,0.02464348399800328,0.09146800491764723,0.14704576421222015,0.049741794691814605,0.00938319171808455,0.02414391965902771,0.09898011917869728,0.19309788276906947,0.08994511746451248,0.010693453277243095
2018-09-01,0.041978225414642995,0.1559956041949093,0.2741640861825038,0.11483094495537115,0.015693583282443052,0.021252494636594104,0.08148179561786383,0.1378349423230217,0.07263545359684614,0.010156317661092647,0.01433366024096391,0.08752007338570192,0.20518368937676656,0.11671004562470927,0.009794943313941292
2018-10-01,0.0379073014858826,0.13681701434643836,0.24611137418213946,0.09686462043585647,0.01551782201344396,0.025388642194774422,0.07830275568777965,0.13178755499133826,0.05652583178740895,0.009318036755649402,0.01868492085201838,0.08955373970044518,0.19244850436620825,0.13734781155277206,0.010808985488383627
2018-11-01,0.04383361680552421,0.16285890552312526,0.23874768658708043,0.13291593647976407,0.01652693828330971,0.02628621623219216,0.10633340219918591,0.13617737765272492,0.05977491796937358,0.009493798024648493,0.021843403369329197,0.10414078870075581,0.18803478656334582,0.12513121091688756,0.009624107949518786
2018-12-01,0.034053244544657364,0.15583135058011643,0.2452828870356341,0.11554754566469244,0.014378395818707914,0.024388713177835007,0.0812805685431444,0.12146993033507408,0.057685655032625356,0.009799869218517878,0.022513021985015952,0.09700768217754442,0.20627355101545183,0.10902429593835179,0.011466579220251197
2019-01-01,0.03990070066018293,0.1546741077464014,0.2282192924590277,0.12406737320057465,0.01575381234030161,0.033354083067865255,0.08222754597523564,0.1306473859270112,0.06022229224755742,0.010457462950385446,0.018708452678997373,0.10765264680637437,0.2105259013775904,0.11296764092675989,0.009433568966789934
2019-02-01,0.05553698581151803,0.15232019937331212,0.2651353451982424,0.11559737079077258,0.01699399303244842,0.02238990734296795,0.08975266586644066,0.14025816421957055,0.06669046048842073,0.00926273360236743,0.024841243499052954,0.09204673606105244,0.21218033613831594,0.1336931983166417,0.009388117622661136
2019-03-01,0.053416546279926015,0.12778441422006603,0.2530646717570226,0.12263699025568303,0.01575381234030161,0.03148413659154006,0.07020216961690777,0.13092290880429347,0.06333500188638341,0.008605139870499863,0.021896225385663905,0.07790813000263379,0.20406870496639304,0.11702077810694647,0.011285892046675516
2019-04-01,0.05038064428612117,0.17258100906807075,0.25977161367783513,0.12510579866794153,0.016045105820441233,0.0222563998934281,0.08964369873833324,0.1508181565501967,0.05457001899943336,0.0096191820449422,0.02619505097081596,0.10116510607750394,0.21345049495198473,0.1484916023906736,0.009980556392093557
2019-05-01,0.03961902895948745,0.16859149519405256,0.27227866333483364,0.10945497216036335,0.016155712127005176,0.01687862116388241,0.09070296760080657,0.1315633786338147,0.06920031361269056,0.008961588313074632,0.020071157040197744,0.11321747919137906,0.21395817001258632,0.12752757961793207,0.010527543817397182
2019-06-01,0.058370469450338774,0.14867527698873928,0.2241043397312608,0.11620940089117988,0.01830425459160697,0.024818646753911315,0.07824901247782125,0.12267800145622672,0.052515286088911275,0.007545646351928727,0.020412482557090685,0.09807318373191447,0.18841266650716393,0.12301919204127364,0.009794943313941292
2019-07-01,0.06051339747559372,0.1543892214306126,0.25929469528789,0.12734167649184447,0.016808379954296158,0.020480207806351867,0.08812342451668514,0.12512806878586702,0.05834001442579553,0.008665368928358421,0.02222466241236038,0.0937438967738466,0.2081700909794642,0.1359780834554336,0.01017109537482241
2019-08-01,0.04191828522748221,0.1508749976216978,0.27929396708611665,0.12105946303193779,0.016396628358439413,0.017331650569352073,0.08210992765050125,0.1398647765383858,0.06265370982640411,0.008544910812641303,0.010450012623413649,0.09201254792627601,0.20555577287604193,0.12128699580548143,0.010703305086396272
2019-09-01,0.04886780999695689,0.14443414350697187,0.2564404653284843,0.123774792803688,0.01812849332260788,0.025338850424462375,0.08571382553702592,0.12493181348224795,0.06353298282771844,0.007721407620927818,0.021399813536623104,0.09618399711685494,0.2134854564119966,0.13136181339103412,0.009794943313941292
2019-10-01,0.05340966672675619,0.1557302544845192,0.2753334801305816,0.12722797011565934,0.014729918356706097,0.0205944798674175,0.07571096033109459,0.14224825426321344,0.05940089110436497,0.010091162698657502,0.01795908981287188,0.09355625838286126,0.20849511645698773,0.11345417043979414,0.01082376320211339
2019-11-01,0.047267171106480925,0.15574744607646138,0.24402460802374157,0.11035171066721183,0.017109525243588955,0.011917789407559441,0.08456518781589359,0.13486885516688876,0.07169464608150272,0.009031669180086367,0.02279590401863503,0.08468483930612009,0.18843140219643462,0.12024971457515073,0.009503649833801668
2019-12-01,0.0370768618243182,0.1654102029602764,0.23588336072848284,0.12112026398254759,0.016396628358439413,0.017203005465991007,0.07772725100789722,0.13887183103691764,0.05815735955751706,0.00896651421765122,0.023485054932674814,0.09098214733263164,0.18853645077695028,0.12076047362085762,0.010281701681386354
2020-01-01,0.050697243068569355,0.15615567359240765,0.2541801382838175,0.12073331748916769,0.016517086474156534,0.02088379278220359,0.07912914284741263,0.1336317055194556,0.05726414520269207,0.009684337007377346,0.021654859969162846,0.10854817011455134,0.19637219574863932,0.1409441651392344,0.00944342077594311
2020-02-01,0.05826632651677914,0.16896652584726155,0.25065375815809565,0.1114459489811524,0.017591357706457433,0.028718708339560493,0.08922256054419724,0.14543234166775007,0.060799115600646096,0.009674485198224173,0.022186833108745446,0.10232856227830793,0.1905270336205936,0.12633105800567723,0.008379001352795385
2020-03-01,0.0609761234597976,0.15388478489588342,0.282996391089654,0.1349381258283236,0.018188722380466437,0.020945699176560886,0.07636291119327172,0.14199117013942972,0.06190882667770616,0.00771648171635123,0.021407176613574892,0.096886718529659,0.20595645440506216,0.13072693574475697,0.009739640160659318
