,Date,Africa_Canon_camera,Americas_Canon_camera,Asia_Canon_camera,Europe_Canon_camera,Oceania_Canon_camera,Africa_Nikon_camera,Americas_Nikon_camera,Asia_Nikon_camera,Europe_Nikon_camera,Oceania_Nikon_camera,Africa_Sony_camera,Americas_Sony_camera,Asia_Sony_camera,Europe_Sony_camera,Oceania_Sony_camera
0,2006-01-01,0.0007422725121447074,0.011359336731351071,0.014389242506346742,0.014855071319835034,0.0018057295886068192,0.000764765618573335,0.004278852580607394,0.026236674981637783,0.0047419392299034805,0.000798366617398444,0.0018793939326285426,0.020058276742897504,0.057723808710274487,0.009361733270373934,0.0009971835150796701
1,2006-02-01,0.0051920551446031655,0.009822920220569794,0.047363323728572417,0.008326267947798845,0.001891916041938848,0.0003951400423001926,0.005053955886583168,0.010071097807820307,0.0035580625125004846,0.0007136731901095248,0.0029350229981522542,0.012997394598818601,0.040220538025868544,0.010450983544146409,0.0009956904890365606
2,2006-03-01,0.001131919807307627,0.010379094624089162,0.022843323377057474,0.011843371132089681,0.001937610619930699,0.0,0.005083951088702662,0.018580108219742313,0.006238923585626473,0.0005655276238971812,0.0,0.015609247663875014,0.05010372629493153,0.010662185317508363,0.001098141477257053
3,2006-04-01,0.0004425568473762157,0.011444997676140484,0.04317412786116459,0.008409511502638883,0.0019366152692352927,0.00045836244906822334,0.0061912999242420405,0.0068311001688877914,0.003923359143687056,0.00044891577676635884,0.002928951515619081,0.01642108851758489,0.03467263142204523,0.008383729646229625,0.0012157486750832818
4,2006-05-01,0.002644159551201877,0.012835295741800595,0.046570002636532666,0.013351275257750277,0.002007532538374264,0.0007422725121447074,0.004321688585652506,0.016473972073212047,0.0017408710396593263,0.00029927718451090593,0.0005653967518625691,0.01610261980486996,0.025885183008406906,0.012462766184848382,0.0012944699981997636
5,2006-06-01,0.0015070381307180423,0.012028408244231757,0.017578453479942815,0.010882471044662861,0.001830567578993557,0.0003951400423001926,0.004001043686785772,0.008033720634557973,0.004280217432829069,0.0005691243259184244,0.005934327656747873,0.014669442905883033,0.025494502394380204,0.008573281880465834,0.0012015878161729518
6,2006-07-01,0.0,0.015775387494977512,0.03293958123141441,0.011950116277161657,0.001891916041938848,0.0,0.005547543164972877,0.016812431421579982,0.0046626765208933885,0.0003890603398641777,0.001137121420483835,0.012817418559212508,0.039673283516972996,0.008727928939824344,0.001320303339281908
7,2006-08-01,0.000632224067680308,0.015875969490378054,0.030296609129323908,0.009090171540235796,0.0015358824471993007,0.0,0.006239499807221794,0.007365777670159882,0.004420830512033095,0.0007263410229767454,0.002085457522004297,0.016756286702027515,0.05976773424310352,0.0085799764606921,0.0013390562509088873
8,2006-09-01,0.0007902800846003852,0.012269049309369786,0.03466709845358103,0.009254382618471403,0.0016299175038549155,0.0,0.004162497000122716,0.012731341150500373,0.0047064735487210175,0.0009077850604867802,0.00147599243988989,0.015051251535036008,0.04140240726409706,0.016392153603791218,0.0011971087380436237
9,2006-10-01,0.0005215848558362541,0.015704315465093287,0.03488170796702851,0.009366055076938471,0.0018042365625637099,0.0,0.004577096219001525,0.015121546301771703,0.0035423517517523336,0.00027134016745062776,0.004445407376711101,0.01753388809652402,0.04610112577861287,0.016735916013979543,0.0015257029910705957
10,2006-11-01,0.000695446474448339,0.01145939501804355,0.01769421109259534,0.007784950359069831,0.0019218437603899384,0.0,0.0052009716899467815,0.018162883484282924,0.004521838091136682,0.000606630149172383,0.004633103956946995,0.016174867503700844,0.059775708950787355,0.009501576339007627,0.001072805811522612
11,2006-12-01,0.0,0.012719004511045068,0.036770872496384555,0.015249418757139864,0.00211208720257289,0.0,0.00530418491176619,0.007990713416727812,0.003235502480387395,0.0003783832083877696,0.003386432063346585,0.013729946819974408,0.03866564367941466,0.00823779593297594,0.0011108093101242736
12,2007-01-01,0.0011240230224535,0.012722548912228097,0.03976199190753502,0.00915990384427955,0.002196282954514106,0.0005983537947687267,0.005043479772424716,0.008691057888455898,0.004314207142531129,0.00042606848777043324,0.002450053968689609,0.013005742144271732,0.04944967549722957,0.017301247129931464,0.0009789282788003938
13,2007-02-01,0.0018103676767208796,0.01309609531249481,0.049404100805523196,0.013588589076863267,0.001736192370923636,0.0,0.00707085140042873,0.009920378183694376,0.00326212458384311,0.0007486906366249679,0.0029409627165065846,0.014571282271162696,0.03029500178466658,0.014192622725467813,0.0011163967135363294
14,2007-03-01,0.0009165044228012668,0.015534673911798942,0.0218056474845472,0.010604280166664003,0.0015130351582033751,0.0,0.009372157701530355,0.00955522215985835,0.003470028167831526,0.0008100390995702584,0.002162735365731317,0.01328714456783775,0.0278753347284215,0.009436330739042067,0.0012782054633112998
15,2007-04-01,0.0013855308140331905,0.01180989768579475,0.031998000191432584,0.009826780659740247,0.0020887422382292616,0.0003951400423001926,0.005066022988905244,0.015567771464575351,0.004213668710440967,0.000599549719717218,0.0024029473906004377,0.015035269474428575,0.048961673573260533,0.010673503510694966,0.0009129877631384539
16,2007-05-01,0.00224931064286275,0.012042995060509877,0.017674671237944924,0.01111483883238853,0.0018178997461263365,0.0,0.006998834226508671,0.009097967982648671,0.003137335207575838,0.000505174511647297,0.0,0.015904102549566267,0.02526527127160792,0.014550793327247225,0.0012782054633112998
17,2007-06-01,0.0013714482111465327,0.010337192432282143,0.013976104580882222,0.007775570351782547,0.0017067623278202485,0.0005246332245147368,0.004817770876630502,0.01026152601983795,0.003297840103785965,0.0005346045547506843,0.0019337893764022503,0.014695178161477963,0.02793504271884402,0.009538717507078411,0.0013599128385140002
18,2007-07-01,0.0,0.013845336203092947,0.016195606828789264,0.00943287704239797,0.0018619883234877572,0.0,0.005185542743852462,0.008351655414763912,0.004150401799637232,0.0004017281727313983,0.0010085417442091088,0.016693217011824676,0.030824120175875262,0.00922631100018605,0.001337563224865778
19,2007-08-01,0.0,0.011884571097727276,0.021384967640043953,0.016397340927915418,0.0019624486103174375,0.0,0.006026487723393071,0.0074151773669513255,0.0035948404421573266,0.0004017281727313983,0.00224931064286275,0.016063594710774853,0.024650884006105125,0.009290302101143675,0.001237102938036098
20,2007-09-01,0.0,0.013379553164208337,0.02799740402778588,0.009967949629950207,0.0020608052211689835,0.0,0.005197657811643558,0.020847286468554826,0.003734569138213917,0.0005686266505707212,0.007839274533067295,0.014258023235839284,0.04117659003811761,0.00905436214040708,0.0009718478493452288
21,2007-10-01,0.0,0.012654497734227426,0.028732472852757325,0.008653263279828668,0.0018473297892297243,0.0,0.005188013064668118,0.019543051052828483,0.007694577565071412,0.0005355999054460906,0.0008077656508661009,0.015997315872525068,0.046344636594284755,0.010032356780022324,0.0012183500264091186
22,2007-11-01,0.00062980698000157,0.013124917531440983,0.01866140973656747,0.009394269912267567,0.0017894650537183554,0.0005685607102419175,0.005361084451308216,0.006364608491497516,0.003383911333962841,0.0003362853324171615,0.0021880643731030974,0.015488651549146,0.022097436548993658,0.009144112254619306,0.0014755293349494165
23,2007-12-01,0.0018373568557375711,0.010818887595851536,0.036650270085639966,0.011572025672784777,0.0016505035929393107,0.00025288962707212324,0.005220859711465703,0.021835345058154987,0.003305680758085141,0.0005092688890162431,0.0017757333594821732,0.013872345031523969,0.034725369294584245,0.009216010398534537,0.0014415072391293796
24,2008-01-01,0.001129503001328881,0.012156824411003657,0.03299014096084949,0.009000373013804304,0.0016460245148099827,0.0006711405522606579,0.006439892311274706,0.01606644017414695,0.004324064932104647,0.0005087712136685401,0.00259462401033655,0.015160146847946759,0.04482535831905117,0.009225696843087765,0.0008379761166305365
25,2008-02-01,0.001058975313364516,0.014583518671234884,0.03621537036155592,0.013350450830865062,0.0019746187678369546,0.0007729661008686854,0.0047893990785591355,0.019999801326338554,0.0041564840980924484,0.0007608607941444853,0.006912521141243793,0.017341181998711264,0.03804282812964603,0.013126489108997339,0.0008658001591034933
26,2008-03-01,0.0019388095969690889,0.011797779856336288,0.020885761577436907,0.009617723823280678,0.0018320606050366668,0.000813390967488727,0.004506275152438782,0.01122261924635269,0.004771311999899063,0.0007192605935215804,0.002900504023379044,0.012626671916205022,0.02551409407397988,0.009548157683220865,0.0010499585225266863
27,2008-04-01,0.0,0.012481720842531064,0.0425714338307619,0.00824775698109826,0.0021181722813326488,0.0,0.005615437089786134,0.013381793230136527,0.004240382648520303,0.00044991112746176515,0.0010085417442091088,0.014937140755998475,0.03755643186046437,0.009272990704722903,0.0010331963122905193
28,2008-05-01,0.001486962111968153,0.01293516539912609,0.0430707577679857,0.01156789093629988,0.0016505035929393107,0.00036475088729557615,0.00609784139991519,0.01898545086751665,0.006721204869727151,0.0006913235764613023,0.00254355456466236,0.015840049045519552,0.0326190172190704,0.0117059584515259,0.0012594525516843203
29,2008-06-01,0.0012304198442978627,0.012849449770001568,0.019038084240208964,0.010476501337136582,0.001728614266120768,0.00018966722030409243,0.006759101295803221,0.009729439405596157,0.004163907009267331,0.0007075881113497661,0.0045554469121545085,0.013361510006360978,0.020929183741806835,0.008982466725399726,0.0011650773436143993
30,2008-07-01,0.0016790599244910136,0.01015082731720564,0.020583273641770882,0.008425763284458437,0.0016200781991405168,0.000281465966317686,0.004926112915939627,0.011657418749918451,0.004921959957550276,0.0007445962592560216,0.0038894908693446213,0.01483515210569594,0.027543402040473553,0.01104505752615273,0.001236605262688395
31,2008-08-01,0.0004899736524522387,0.013017865034059294,0.03991753235306473,0.011234822866514746,0.0015480526047188183,0.0,0.005320757518445355,0.017421388718897063,0.005111933745853892,0.0006781580682463786,0.0050972215344511195,0.015501204118915961,0.03843903041641417,0.013158490235608528,0.0013750690481197365
32,2008-09-01,0.0015009413933610772,0.01264446755727488,0.03130815937741368,0.008850985602869397,0.0016611807244157185,0.00022127842368810784,0.0055314710594648415,0.030391821871771807,0.005356831419235642,0.0005934646409574593,0.00324477241549817,0.014659295594951455,0.033890707127172334,0.008418129663199117,0.0013466343557117552
33,2008-10-01,0.0011380033218245545,0.012416563472737034,0.030610381247235554,0.007248530929247019,0.0017235245380564155,0.0002221910748485845,0.006240790023238541,0.015864290917519855,0.003771626245048632,0.0006715753141389167,0.0022405117206174313,0.014177880715715607,0.05305777803627353,0.008398092070652475,0.0012061798688896013
34,2008-11-01,0.0016936569823436522,0.010567812221185946,0.016186122191197805,0.007456593434437506,0.001753452256507506,0.0008942452962478492,0.00752432201193974,0.010011831510759439,0.003514193669279535,0.00055745184374661,0.0035016193848332014,0.014743099978565495,0.024533086124305693,0.008449362970004372,0.0012903756208308174
35,2008-12-01,0.0009167248981364467,0.010337721982660223,0.03441820577959547,0.008058415484695323,0.00178697667697984,0.00022127842368810784,0.006513562192699493,0.01668825382477439,0.0038295780575987245,0.000773528627011706,0.0004425568473762157,0.012998857295030891,0.03759923041552888,0.00929176143209081,0.0010407744170933873
36,2009-01-01,0.0017483655640759795,0.010588427341208372,0.0370854900119445,0.008582744317759945,0.0016332437073554404,0.0005003137977870257,0.00666092896954985,0.013679826366861034,0.004165583147586982,0.0009419201308941384,0.006724947888386939,0.013532501627337828,0.04133254076234172,0.01019097530546881,0.0010261158828353545
37,2009-02-01,0.0007112520761403466,0.011952653169874728,0.03222901802629614,0.012268079511948077,0.0015896528053417232,0.0,0.005777460749392551,0.01574495333073659,0.005999258096797861,0.0009307453240700271,0.0020012279003680505,0.01218197841957393,0.04306070141903996,0.01140312359167035,0.0010808815916731832
38,2009-03-01,0.0,0.01266405222545234,0.029972244986821224,0.00982634969751845,0.0014415072391293796,0.00028428035512095877,0.007486055278142801,0.024669789754309404,0.004060850741485059,0.0006954179538302485,0.0008528410653628764,0.012685126708096038,0.03798642101493215,0.00929847298391785,0.0014643545281253052
39,2009-04-01,0.0009811693532838766,0.012187973091173337,0.039299710914049504,0.013279424624298467,0.0018549078940325921,0.00026991727714352997,0.008140875469611923,0.016776994872774443,0.006775984888245125,0.000798366617398444,0.004724447346329057,0.01356284186991445,0.03839944061123143,0.008935302967723545,0.000948005209653897
40,2009-05-01,0.0011848293595209233,0.011285604270349326,0.031664323860474505,0.009548756966796568,0.001697193521626568,0.0005215848558362541,0.006158574958162627,0.019478219402318774,0.005236986224798285,0.000798366617398444,0.004068343668056279,0.01135172083599355,0.04739426903456127,0.009755846443662782,0.0011057195820599211
41,2009-06-01,0.0013586909781330078,0.010901227693143807,0.0426311863049074,0.013016521667703717,0.0014365304856523483,0.0002686952287641309,0.007330117103658304,0.022489490559601436,0.004279776182324157,0.0007182652428261741,0.00321102634937549,0.015608481874618496,0.02806575822243201,0.012398820019036957,0.0008379761166305365
42,2009-07-01,0.0018675186009557369,0.011777793670951641,0.02644549974658425,0.0077403499397675915,0.0019081805768273116,0.000158056016920077,0.0059559524210810125,0.02412264811824894,0.004443097140677286,0.0005513667649868513,0.002812837938396815,0.013421510385829673,0.04586823163385379,0.010017097089362438,0.0011417323792707705
43,2009-08-01,0.0009325304998284544,0.013698621992016264,0.016219081747380702,0.014844743353052579,0.0019203507343468291,7.90280084600385e-05,0.006210591063765233,0.010541130093616876,0.006288299139514095,0.0006599028319671024,0.0021523305334142347,0.016804886692723786,0.023800108021534264,0.00983650231561158,0.001021026154771002
44,2009-09-01,0.0015548548136459167,0.012758680359747754,0.045654036040816165,0.01579093836814839,0.001637338084724387,0.000158056016920077,0.00692242998344911,0.01843965658286499,0.006413065298564645,0.0007263410229767454,0.0056971181321107045,0.015129994632913358,0.02806920698014107,0.00877319477230778,0.0012376006133838012
45,2009-10-01,0.0011896905439584592,0.012114350450739648,0.03648091606424209,0.009426585461370507,0.0018067249393022252,0.0016298303036559368,0.0068516724952901046,0.02232098151500435,0.005175630194553906,0.0007258433476290423,0.0031560131291420677,0.015845082030080473,0.03556156725480376,0.00890412342967795,0.0010687114341536657
46,2009-11-01,0.000632224067680308,0.011206766939330731,0.033326596562436195,0.008746994484067749,0.0017098613544937885,0.00020547282199610012,0.008708313150819685,0.020588103562545187,0.004423442268482496,0.0006964133045256549,0.000742863279524362,0.012920154121540761,0.04112439272702274,0.009624423536023882,0.00119500506206549
47,2009-12-01,0.000584807262604285,0.012517394217547516,0.026218172062711157,0.007458450129147239,0.0017281165907730648,0.000158056016920077,0.008195972415853769,0.018899630866416977,0.003784813794682026,0.0009307453240700271,0.001974818310160243,0.013126460038019327,0.04450766884610724,0.008908157519288702,0.0009424178062418414
48,2010-01-01,0.0009758629330559583,0.012443024372563416,0.03878573351791569,0.013346734709358182,0.0016200781991405168,0.0004899736524522387,0.007084377446898966,0.011992126426455479,0.005837840583957436,0.0007847034338358172,0.0012518450041764083,0.015283703156647843,0.05085559087729601,0.012404858234742844,0.0011964980881085992
49,2010-02-01,0.0011945517283959955,0.013286386509277414,0.03930354863532299,0.00849522147946951,0.0017585419845718585,0.0007684047546314721,0.007593592402622357,0.012922585369964996,0.00440159094029629,0.0008034563454627966,0.0028754560732451614,0.014515964595213905,0.04454072771466315,0.010200739118978947,0.001039281391050278
50,2010-03-01,0.0007530702937556854,0.013536118452364848,0.040175478617353474,0.009255316291065298,0.001752954581159803,0.0004425568473762157,0.007656094781839013,0.021418765484659284,0.00471995388870037,0.0008932395008160684,0.0015143209983533553,0.012661257908405372,0.034919750666127354,0.009143627368290691,0.0009550856391090619
51,2010-04-01,0.00318826489998745,0.012462457631713537,0.03542960039991979,0.01175236915441896,0.0018188950968217432,0.0013441608329921154,0.007292072722638022,0.02076208818968058,0.007097055010111101,0.0007861964598789266,0.0064613474653601784,0.017494758979001504,0.04379027862016228,0.012107895535299984,0.0009961881643842636
52,2010-05-01,0.0009431741870814462,0.01145731184091265,0.033828247287958225,0.012417641121198107,0.0017580443092241552,0.0003951400423001926,0.00707011550728848,0.02463858447555117,0.0056259370402900605,0.0007740263023594091,0.0024240181347404237,0.014307806863490048,0.03564656837998209,0.011201272328812796,0.0010692091095013687
53,2010-06-01,0.001545294974958893,0.011127208533550358,0.03809104284268008,0.008692846575314416,0.0017940571064350046,0.00036352883891617715,0.007640211561499437,0.021724392357107828,0.004531007917741557,0.0006959156291779518,0.0036783713730282885,0.014067814116641382,0.034496691812807324,0.00795265043474558,0.0011113069854719769
54,2010-07-01,0.0015782799410224068,0.01318094310936199,0.03690634282716903,0.008883056291863086,0.0017717074927867825,0.0004978832055682576,0.00751029775961131,0.018108967170864455,0.004087675221531005,0.0006771627175509723,0.002199915117490978,0.01404698811511294,0.04502312229687519,0.009792596583129604,0.0011524095107471788
55,2010-08-01,0.0007595815323768463,0.011669724024077654,0.036444136217866206,0.00894754092210569,0.0017468695024000444,0.00041094564399220024,0.007072933813291276,0.019367921034076543,0.004952533376779984,0.0007856987845312234,0.0014216371967124151,0.014308476428384044,0.04147168818926133,0.009957971792004817,0.0010687114341536657
56,2010-09-01,0.001339232735842833,0.011622795839849664,0.03374243354087692,0.009526897772965438,0.0017519592304643967,0.0008450021708727425,0.007998512674339524,0.017800632762528336,0.004247232659237414,0.0007856987845312234,0.002007194104195923,0.01413555505603593,0.037150558333477524,0.010032835103781368,0.0010636217060893132
57,2010-10-01,0.0013538297936954717,0.011815521085617037,0.027365984607939473,0.00887380834266005,0.0016317506813123314,0.0005373904575282618,0.008998987033817336,0.027183855329487007,0.0048738552022190886,0.0008764772905799015,0.0019386505608397868,0.013996596856675848,0.039266089276590324,0.009371595115365597,0.0010930517491927005
58,2010-11-01,0.0019380327843800723,0.011283918874565695,0.033993055634218325,0.0088664935197828,0.0019330185672140497,0.0008626340928638338,0.008097248718039806,0.026535087372580854,0.003986945169326137,0.000714170865457228,0.0017149162901091187,0.013454066619085681,0.030859111838304365,0.00944381060188968,0.0009540902884136558
59,2010-12-01,0.0014103646957268827,0.01177951965283723,0.03488794310930934,0.008088987752361497,0.0018011375358901697,0.0008504676272299632,0.007703511523291889,0.023013017688875738,0.0041672690389907814,0.0007679412235996504,0.0015690384891066745,0.01335220303556206,0.03236588037989886,0.009017631187328049,0.001032200961595113
60,2011-01-01,0.0015823999940398838,0.013223452546306995,0.04214112670093526,0.008823693957354245,0.001801635211237873,0.0007051823478634413,0.008549350017831447,0.017976132987742886,0.005152722064445697,0.0007557710660801329,0.001542288470160195,0.013173129272446375,0.03883077761435969,0.008447900244918052,0.0010438734437669274
61,2011-02-01,0.0026671811392553727,0.012936875899297222,0.03979008678072377,0.013914158573052641,0.0018483251399251303,0.0016723575649546687,0.007780515871413563,0.020824388708849714,0.007097275663020156,0.0007613584694921886,0.0034969671255560674,0.012252669301454983,0.04118315212408247,0.011244767356519067,0.0009915961116676144
62,2011-03-01,0.0007270576778323543,0.01207859278912496,0.0373840035945331,0.010422206510359492,0.00181839742147404,0.00022127842368810784,0.007664935555674407,0.026713519344126132,0.006537832064432959,0.0008338817392615903,0.000632224067680308,0.01309170586689181,0.036167498556268864,0.012308315990868976,0.0009490005603493033
63,2011-04-01,0.0013903021815170234,0.012466787614037633,0.03664218070082812,0.013357816376708555,0.0017346993448805266,0.000831627161399503,0.009440145663360032,0.027512388420074477,0.006664661029236641,0.000905907333683289,0.002616483213356103,0.012831295706688573,0.03745510949139128,0.011177654280759699,0.0009606730425211176
64,2011-05-01,0.0013252534544499087,0.01146014249280176,0.03494379179061108,0.012083368337122367,0.0017412820989879886,0.0006845155617338975,0.007434637346477465,0.024298171492836976,0.006258916244031227,0.0009231672192671588,0.0018201017958797139,0.013940454372411955,0.04004796195253337,0.011835140687558098,0.0009368304028297857
65,2011-06-01,0.00147176078219583,0.011985762013469585,0.03540899735589552,0.00961840471251205,0.001729609616816174,0.0008152172877878108,0.00846102479617823,0.021596364431207177,0.006287784955939572,0.000941422455546435,0.0015428927420798795,0.012523274262517953,0.039212305113532464,0.009245554347208822,0.000930247648722324
66,2011-07-01,0.0012772323774542012,0.012517931483960222,0.034896053828217435,0.010492167424679066,0.001941094347364621,0.0009039676651229216,0.007394646052915427,0.02427446119545835,0.005968675379530521,0.0008445588707379986,0.0016486707694863972,0.01292265667481553,0.03992332721785967,0.010976915468316945,0.0008156265029823141
67,2011-08-01,0.0029756628315230943,0.013635829238901912,0.03855508195691846,0.011047267494174744,0.0018133076934096872,0.0022887753558131223,0.009519506777105823,0.016520955232498333,0.007573086470540535,0.0008455542214334047,0.0025720676424298918,0.012577398318636428,0.041076731712404786,0.01034623717432765,0.0009424178062418414
68,2011-09-01,0.0019939738222976527,0.011709432001438728,0.035073269744688156,0.011861094150398575,0.0017235245380564155,0.0010290510213761437,0.00859390449118244,0.025804239870134534,0.007379539557678266,0.0009769375774095813,0.001943967388873559,0.012531897719070012,0.04223311768264612,0.010955209743044531,0.0009008176056189364
69,2011-10-01,0.0017027750792990401,0.012100594287874673,0.040270102925186874,0.010858009434324824,0.0016865163901501597,0.0007665784343323885,0.008638463342285001,0.025025634211065944,0.006669759912015263,0.0009667581212808764,0.0013605172984320914,0.012160414197681409,0.03329959323752086,0.012963878430472775,0.000948005209653897
70,2011-11-01,0.0014760176947136816,0.01189282905182956,0.03594624101407338,0.009043733845440584,0.001644916189527255,0.0007795900862124244,0.01005579125108679,0.026393974543681354,0.006961480822059858,0.0008998222549235303,0.0016103720613657622,0.012926722289343778,0.03621659992349712,0.010964490699334688,0.0010565412766341481
71,2011-12-01,0.004139796370444872,0.011659224192444261,0.02083101410714037,0.009965853691238504,0.001578477998517612,0.0010583845459848614,0.008923350579537049,0.013928908193604553,0.00789208678351356,0.0010012778924486162,0.0036468666575454837,0.012252659439709868,0.024555953716111186,0.010226942237302174,0.001021523830118705
72,2012-01-01,0.0014492676757672024,0.012180356598213564,0.036005289357176964,0.012249376753405844,0.0017702144667436732,0.0009307176840694008,0.010237407376461382,0.027213494870053676,0.00746584111866054,0.0008272989851541285,0.0014498854522269169,0.012393341001435276,0.03566561757331581,0.010919759592968894,0.001003766269187132
73,2012-02-01,0.0016808862447900972,0.012618913656105374,0.03554795592646384,0.01216370901845586,0.0018422400611653718,0.0009057939854220052,0.01055455205854501,0.02576228043965885,0.007801259027207122,0.000839966818021349,0.0022517323260605264,0.011772466121934428,0.03745951421295781,0.010993282435029053,0.0009190728418982127
74,2012-03-01,0.000900919296444439,0.011130799006083993,0.018396072001218917,0.010194957987235284,0.0018128100180619842,0.0004425568473762157,0.009574567952586223,0.012563245703810606,0.005854851507531437,0.000990103085624505,0.001931338124878729,0.012129867253020964,0.02503475535744688,0.0076998275371953475,0.000798366617398444
75,2012-04-01,0.0013994202784724113,0.012563026085608676,0.020984122885907834,0.012256172728036877,0.0017047716264294362,0.0008291965691807348,0.009670745118465697,0.01505974436123932,0.007471317103484552,0.0010438734437669274,0.001601253964410374,0.012577333772035848,0.02007512519718531,0.010907487633513844,0.0008526346508885696
76,2012-05-01,0.0025896005272916306,0.011511155107917196,0.021180858886039555,0.012209322131664393,0.0019081805768273116,0.000767069547400902,0.009571987489447242,0.013438717005250627,0.006673694629665646,0.0008754819398844953,0.0020565296098729443,0.011752091614326741,0.02161995873147238,0.010031028585310013,0.0008176172043731266
77,2012-06-01,0.0023880827957277937,0.012634360543768553,0.03463557568674774,0.011780892660846311,0.0018001421851947636,0.0004911957008316378,0.009664657832988996,0.03224190148817889,0.008684790806848848,0.0008876520974040128,0.0020877137359879235,0.01291449458026102,0.03489379410260738,0.010169114693422496,0.000913485438486157
78,2012-07-01,0.002586209454010865,0.013139050568048084,0.03054659212984799,0.009569720879069401,0.0016687588292185868,0.002005880312355173,0.010705621572961099,0.022278589806032194,0.006167275905004132,0.0010738011622180182,0.003244416063400071,0.01096643283510104,0.046582193374605625,0.008069968751910683,0.0008587197296483284
79,2012-08-01,0.0028210976001429833,0.012372973106096934,0.029018526717784664,0.01250354355931765,0.0017894650537183554,0.0019893530822580946,0.010109028756594425,0.025528742591001206,0.006971470257441971,0.0009956904890365606,0.0030260551473650305,0.01239334072956877,0.04264941884329541,0.011142611089631129,0.0008161241783300172
80,2012-09-01,0.0024021086234710916,0.011829441348916796,0.031325838946631414,0.011434831778253132,0.0016748439079783458,0.0014473820020955786,0.010519012158152543,0.026258747441750545,0.006910601344784606,0.0009297499733746208,0.004348573403047417,0.012462651469040888,0.044892688448526695,0.012387389306251275,0.0009966858397319669
81,2012-10-01,0.0018085531067055577,0.013332126418368147,0.03588863456751809,0.011724159356822795,0.001621073549835923,0.0008030508221539402,0.011058146792632582,0.026141381806394484,0.0074221372813557725,0.0011214864416006817,0.001218266883204022,0.013545978443780783,0.0370148094937182,0.010202372443280802,0.0008587197296483284
82,2012-11-01,0.0016741987400534773,0.012391809816400541,0.020948635872853196,0.00799300764377727,0.0016094010676641086,0.0009416621013238724,0.011836653336151293,0.015946974225748846,0.0061455120991594754,0.0010428780930715213,0.0012140099706861704,0.01058264182355839,0.021868937544321475,0.007581902962743432,0.0009490005603493033
83,2012-12-01,0.0015550457031737201,0.012136669688076857,0.02175560699979893,0.008344209470120451,0.001487699492468934,0.0008808702867746097,0.010448876469082423,0.01392885376864959,0.006833947974158567,0.0010448687944623338,0.0013939548221151904,0.010249688054531898,0.020815485337279848,0.00860587963020093,0.0010687114341536657
84,2013-01-01,0.0014827051994503013,0.01218473918265753,0.02026968136912183,0.01072633437977462,0.0015901504806894262,0.0012930379791462091,0.010812311285523351,0.014353239141794054,0.008539311985204252,0.0010078606465560782,0.0010541276334670097,0.01232601704690881,0.022104262306290097,0.012421846997199166,0.0010032685938394289
85,2013-02-01,0.001534223517847498,0.012318104023267162,0.020985036759497307,0.011306821056147517,0.0016505035929393107,0.000978134489145424,0.009735588121705469,0.0157293719676315,0.008307492819637267,0.0009662604459331732,0.0016790710039185765,0.010781542066718547,0.02205013891579471,0.012181415002749958,0.0009845156822124496
86,2013-03-01,0.0016468444491873136,0.01453237493734576,0.018915605666067436,0.011507056493758073,0.00148869484316434,0.0008516896756093623,0.011754471559445267,0.01476791187534529,0.007861281955314697,0.0011042265560168118,0.0013313366872668442,0.0113488826102482,0.022837090074227094,0.011266639015962506,0.0010083583219037812
87,2013-04-01,0.0016942612542633366,0.012306306850758258,0.021090401817245336,0.01172397992265185,0.0016560909963513662,0.0009349745965872526,0.010204671806350844,0.014973673781439038,0.007580238153412092,0.0010504561978743894,0.0012006349612129308,0.011245884913116016,0.023544671977210652,0.013097140019999317,0.0008947325268591777
88,2013-05-01,0.0017334950417190566,0.012729752830811373,0.02256864034159232,0.011790648699773351,0.001687511740845566,0.0011160596893536867,0.01018837930041217,0.01540724623665821,0.008381797659571314,0.000930247648722324,0.0014265235330088986,0.009917102080467637,0.02121610850634161,0.011636289218877936,0.000983520331517043
89,2013-06-01,0.0032708281925602706,0.013365581436011692,0.02212801973029431,0.011562453271483473,0.001663171425806531,0.0017250327976270487,0.01098296123812714,0.014773308408057899,0.009152158637970451,0.0010078606465560782,0.0028406448395787887,0.011047400832974848,0.024433030759058935,0.01180843886784741,0.000930247648722324
90,2013-07-01,0.0020457565439813414,0.013776690528447927,0.021866298858290417,0.011730189256575074,0.001645413864874958,0.0015884393471967688,0.011032229150000445,0.014477312852026991,0.008925433314615549,0.00098302265616934,0.002140561992235346,0.010137012158136442,0.022502367705586133,0.011214624777332026,0.0009728432000406351
91,2013-08-01,0.0026677854111750573,0.014503926603593675,0.022853245456412208,0.011763916243556402,0.0017230268627087125,0.002231857390292768,0.011611771920486298,0.014219782760328753,0.007768411476891645,0.000990103085624505,0.0036225753835877885,0.01152003058295925,0.022663551014240415,0.010965627340589179,0.0008881497727517159
92,2013-09-01,0.0028247173229023178,0.011896187344102234,0.02198136806447192,0.010934940701023096,0.0016439208388318487,0.0013916132270420532,0.01099687525438592,0.013490354317654815,0.006697462927290218,0.0009540902884136558,0.004113443594657213,0.01191804237762207,0.02420066069625967,0.013002394532804338,0.0010032685938394289
93,2013-10-01,0.0021645547808648116,0.014185424907684336,0.01917480603022944,0.010714506492546523,0.00148869484316434,0.0031350298939682017,0.010528910679945757,0.013822534319466402,0.006629009140551797,0.0009961881643842636,0.00367404257541693,0.011999764160875191,0.023359339267757333,0.01300493000210227,0.0011163967135363294
94,2013-11-01,0.0024086298658509636,0.013185758113386282,0.020021577201873475,0.010519159160880729,0.001753452256507506,0.0012712747900503365,0.011331887951181223,0.013156744948557836,0.007195135963150186,0.0008932395008160684,0.0017332950286641775,0.010293458911542722,0.023467428893794655,0.010976342361199445,0.0009545879637613589
95,2013-12-01,0.003598488240444733,0.013021466222207288,0.01969675287463447,0.009145176509377498,0.0015363801225470037,0.001846999490214517,0.011131022688221399,0.013761869888559548,0.005862182222507041,0.00096576277058547,0.0023910180991068585,0.010658616065681541,0.02290312696893751,0.00860802686831204,0.0010991368279524593
96,2014-01-01,0.002772455821527942,0.012263431258369014,0.020019416631005274,0.011387783054616792,0.0014765246856448227,0.0020571728736415934,0.010427144773503816,0.014094129176194695,0.007182801904349218,0.0009784306034526908,0.0034530845866146947,0.010144658179818347,0.022524776313424234,0.012773032813132783,0.00114632443198742
97,2014-02-01,0.0035372546841638346,0.012870762386214324,0.02150448961193924,0.00999895791098058,0.0015977285854922943,0.0017739960363287208,0.010582930860401652,0.012956508266895324,0.006973789724489183,0.000948005209653897,0.002525255109273553,0.013260406501889309,0.02612015040403911,0.013967911655405773,0.0010555459259387419
98,2014-03-01,0.001403677190990263,0.012640227717773596,0.036187080490697555,0.011832403204124485,0.0017712098174390793,0.001101544438543033,0.010912037841794061,0.022424741505715717,0.00690151133502068,0.0007674435482519472,0.0013246491825302242,0.01125883941654257,0.04033621530662458,0.012261168190721521,0.001062626355393907
99,2014-04-01,0.002425097351334532,0.013354443616385393,0.021408114384967626,0.01100856198398568,0.001679933636042698,0.002369489940335204,0.01062081027902074,0.013028489853037218,0.007436761153100223,0.0008820646939919571,0.003488125990114494,0.01083585108070409,0.024142516969771242,0.012890071019387014,0.001039281391050278
100,2014-05-01,0.0027793649100144643,0.012455894696601438,0.018909648794882983,0.011264774054270807,0.0015663078409980944,0.002552860917135608,0.010090911707429345,0.014512637604936127,0.006054014578108704,0.0009180774912028065,0.004087608875117992,0.011344884026668924,0.023085268270810012,0.012712751030874297,0.0011168943888840324
101,2014-06-01,0.0020583372110133434,0.012712022946363932,0.020138192287811954,0.011516131784108274,0.0015074477547913196,0.001014002605047291,0.011063127274693836,0.013484906686088385,0.00444623557330658,0.0009475075343061938,0.0018946524164867207,0.01262538574578534,0.02322661078009347,0.013463528204530735,0.00114632443198742
102,2014-07-01,0.00252609626750081,0.01240647139764271,0.021281426481712527,0.010501980873172213,0.0013568138118404604,0.0017895637087964877,0.00984927093500862,0.015174290361263325,0.006580721869813064,0.0010859713197375357,0.004657967273952646,0.012917836059651789,0.022714354235382643,0.01357852193320087,0.0011584945895069376
103,2014-08-01,0.0037067889431923015,0.01252324262797227,0.020255116447813627,0.009594460950248518,0.001687511740845566,0.0021977736484710196,0.00979070932812514,0.01493828358350187,0.0070493822988279995,0.0009119924124430477,0.003515272110604745,0.01082180480333606,0.023762016277089702,0.011684116854426595,0.0010017755677963194
104,2014-09-01,0.0015276914123075564,0.01336948951282471,0.02182208427408194,0.007945484653737027,0.0016149884710761643,0.001038322031775002,0.00975383327869298,0.014968025776953265,0.005037721867954647,0.0009419201308941384,0.0012638573679809614,0.011988304732334825,0.022964442463357413,0.010066653404666703,0.0010443711191146308
105,2014-10-01,0.003277557577288353,0.013179726174974577,0.021105930938413727,0.010402769926037916,0.0017062646524725455,0.0018543662718605955,0.01018309172604776,0.015604484234757472,0.0058259066586404205,0.0008998222549235303,0.004287910853119117,0.011748809622830177,0.022403896118017776,0.01476640614518835,0.0009951928136888576
106,2014-11-01,0.0030289121504398237,0.013772048446374028,0.020886619779870993,0.011672727723853516,0.0014947799219240988,0.0018453641926708397,0.011235833668874195,0.01622370197560162,0.006086410721048559,0.001056043601286445,0.003408436938673567,0.012006740180999353,0.02481204373152222,0.013310462754952524,0.0010504561978743894
107,2014-12-01,0.0023758309490044126,0.013185796247329119,0.0201469063517907,0.011462251875288959,0.001418162274785751,0.002386039558183936,0.010563226585079364,0.014156131179461661,0.007363120148702768,0.0010372906896594656,0.0030746353225777593,0.01136260469144403,0.022852901228323386,0.013854979916075037,0.001145826756639717
108,2015-01-01,0.0032702097409707085,0.013468271373294876,0.02073859806631027,0.008198242896561682,0.001411081845330586,0.0014871097873564772,0.009448701980503604,0.012883637550703937,0.005363224585461364,0.0011519118353994755,0.0030791863014389236,0.012194654170054033,0.02318393949429609,0.01185945580482755,0.001038286040354872
109,2015-02-01,0.001931963056103167,0.01371284270647038,0.017049519590462973,0.011188511734878608,0.001411579520678289,0.0010863431087707097,0.010522269304014108,0.012343504929509188,0.005694106714382085,0.0010738011622180182,0.0008115646471896435,0.01378410274549252,0.021381639976373018,0.013388122798613927,0.0011158990381886261
110,2015-03-01,0.0023925606296434,0.01284758152172296,0.021752770246109984,0.010056032677096649,0.0013923289337036066,0.0014849153163338897,0.010419351813911041,0.013377733224520594,0.0060380089311363174,0.00104896317183128,0.0016549130384326347,0.012766323546752455,0.024136356172320853,0.01422402988485553,0.0011599876155500468
111,2015-04-01,0.0022251695427078656,0.014580014064069164,0.024346282303503896,0.00857468813115453,0.0013994093631587716,0.003132930669821985,0.009983331444761084,0.015170945851651619,0.0056511888688883715,0.0010677160834582592,0.0029607220994827287,0.012547884359801446,0.02433413571116987,0.009656399889591155,0.0011341542744679025
112,2015-05-01,0.004671593026442524,0.013742648522312577,0.02216132568560113,0.010910039780033702,0.0015307927191349482,0.002042853120151053,0.009573563546575518,0.015800934371072172,0.006790416900406125,0.0008759796152321983,0.003267722847865474,0.012800007914693852,0.024505952073032966,0.012917168225950921,0.0011945073867177867
113,2015-06-01,0.0030395496546446266,0.012161253797879702,0.020018564958636072,0.010226219180645013,0.0016565886716990693,0.0020927005174458443,0.00964152284002149,0.014177900246407504,0.0071714935129852326,0.0008095414242225554,0.0038413770781594724,0.011332980121532277,0.02471388737637754,0.013232754492310447,0.0011351496251633087
114,2015-07-01,0.003386218762940348,0.013340941388710836,0.020723919595428106,0.010601130403387404,0.0015490479554142243,0.0027952709899695034,0.009980550424127883,0.015526919331345113,0.006555725142130966,0.0010438734437669274,0.0032383449493582138,0.011489613163271505,0.022795351219321334,0.01472866047835517,0.0010083583219037812
115,2015-08-01,0.0025804083520073007,0.014269966795965107,0.021857425361757835,0.01104473031269743,0.0015434605520021688,0.001336972556855248,0.010782292293818083,0.015612199834526202,0.008277330268431499,0.0009956904890365606,0.004726890571769661,0.011661840658722094,0.024932181975739445,0.013558734496185307,0.0010621286800462039
116,2015-09-01,0.0031986518088529424,0.012876670837737976,0.019486961907061385,0.010927303699343985,0.001645911540222661,0.002052470936456086,0.009731368549352084,0.014640067053988383,0.006542255715397288,0.0008450565460857016,0.0030315905364752017,0.010227194824601119,0.025285635620399264,0.013088638520959626,0.0011103116347765706
117,2015-10-01,0.003986551390732036,0.013939896953867437,0.0221195040618256,0.008773358222337114,0.0014587671247132496,0.0018734109442448688,0.009948308745021771,0.014177494932383343,0.005215404821667364,0.0009606730425211176,0.0034783535538337874,0.010922899277221019,0.02373972983232056,0.009495419052092117,0.0011818395538505662
118,2015-11-01,0.0031760532606509174,0.013831393431008965,0.023870355292101766,0.011294607859622162,0.001477022360992526,0.0026014749882517425,0.010183300404845753,0.015344420175014082,0.0076996100938529315,0.0010433757684192243,0.0020950866110917964,0.011381249671258958,0.022561785081381385,0.012680816104338856,0.0010808815916731832
119,2015-12-01,0.0028161048795501843,0.01428555338670291,0.02243545937648287,0.008221848215645087,0.0014293370816098622,0.0023626036149194973,0.010807595345681202,0.014266287912035387,0.006532015265985685,0.0009231672192671588,0.0026577973352964273,0.00971795624372611,0.02197036235158461,0.01397705642649609,0.0012487754202079124
120,2016-01-01,0.004381632720606087,0.013198179510637065,0.02161520246378388,0.012109467076473191,0.0015617157882814449,0.002586339136696166,0.009306931940471568,0.014999154659048795,0.006982412000035211,0.0011270738450127374,0.0028134210438137915,0.012233117532977606,0.025149380531799506,0.01331124690134371,0.0009124900877907509
121,2016-02-01,0.001276010329074802,0.015069452754135777,0.022005303402697827,0.009754608503442726,0.001562213463629148,0.0011909125923378584,0.009667599657232535,0.014216129564228266,0.005531735870976936,0.001049460847178983,0.0013629478906508595,0.011977047337136974,0.026089818494719762,0.016622100110958146,0.0009896054102768019
122,2016-03-01,0.003477483038742523,0.012199140151975709,0.023002363213939413,0.010340956490904805,0.0016271586285956819,0.0020778845456181517,0.009999573161272512,0.014806956940752711,0.006785662488900475,0.0009353373767866764,0.004788359608946357,0.010636520898442957,0.021821337599752622,0.01411473328670597,0.001038783715702575
123,2016-04-01,0.0044162044734042975,0.0124762935404973,0.023848852786276513,0.011565374986356989,0.0014415072391293796,0.0024251548630059815,0.009343962223276386,0.014966873509668823,0.00578623886974812,0.0009647674198900639,0.0021322679138396647,0.011014978447917493,0.02374478875575084,0.012063703529818372,0.00119500506206549
124,2016-05-01,0.0031268662057123307,0.014017964264994959,0.022724142019876496,0.010688245023471151,0.0014658475541684147,0.0016337363787692727,0.010198789509504664,0.01486083027059189,0.007882174912500938,0.0010017755677963194,0.0035221106973026273,0.010594351201610603,0.02208741078791803,0.014209982157407465,0.0011336565991201994
125,2016-06-01,0.0025474306906111124,0.01305046157994835,0.024450278452142732,0.010190968176571483,0.00153737547324241,0.000962587727482524,0.008930724097194052,0.015757182532816175,0.006506880322117927,0.0009956904890365606,0.001880211281728389,0.010854048534548773,0.023314464401429452,0.012809445620860758,0.0010682137588059624
126,2016-07-01,0.004264365440893404,0.013605810428301269,0.023883020695060674,0.010434972925633994,0.001578975673865315,0.002555538488154283,0.00965812833265567,0.014679741099236357,0.006006268756204154,0.0008754819398844953,0.0033217521587382308,0.011547166215153282,0.023861915692725718,0.01419373578319713,0.001146822107335123
127,2016-08-01,0.0027997886754548063,0.014805508433062343,0.022287836725379838,0.010738756498192222,0.0017113543805368978,0.002961298107215124,0.009146702701715808,0.015280516121211845,0.005605197857313334,0.0008876520974040128,0.002883184697962279,0.010858893841332073,0.024606280991291495,0.016273392591478704,0.0010022732431440226
128,2016-09-01,0.0038081653780173644,0.013585326765417379,0.02271634088252561,0.012403630910364847,0.001645911540222661,0.0016102398500806516,0.009511532239137865,0.013395968844392616,0.0051065744525506974,0.0009343420260912701,0.0024327489145247664,0.010660004565669874,0.023059851085844393,0.012669217345833091,0.001021026154771002
129,2016-10-01,0.003025676065695996,0.013896830020403367,0.024877431953389248,0.008655748418995001,0.0015850607526250737,0.001600554897407515,0.009353728151884833,0.014138785818034995,0.005105972829332408,0.0008572267036052191,0.0025442930963018046,0.010169514570406433,0.022010515926574357,0.01031084509602417,0.0011589922648546406
130,2016-11-01,0.0032911564137736863,0.01444144055769479,0.021278444842376662,0.009778284760055276,0.0016023206382089438,0.0021046322701089434,0.01028305741846632,0.014516359526114566,0.0070316850729138115,0.0009779329281049878,0.0024407171458834783,0.009115328695259502,0.020363253804293557,0.013817283705718338,0.001021026154771002
131,2016-12-01,0.003147535599648047,0.013774449669171846,0.024509916433468268,0.010622086741890347,0.0016880094161932694,0.002022393362782373,0.00946978998033045,0.014507794538569147,0.007763724749526211,0.0010377883650071688,0.002666576867335688,0.00959099456218888,0.022229661432222592,0.01224916597361872,0.0008754819398844953
132,2017-01-01,0.003708294658262919,0.015052769056667125,0.0265230738834549,0.010957268967084651,0.0015916435067325355,0.0017035534821627537,0.009391750610270677,0.01517635690626232,0.005449688876748339,0.0011154013628409231,0.004570320854033381,0.010366585309172423,0.021780558516320738,0.014228019621202289,0.0008942348515114745
133,2017-02-01,0.004011147583345835,0.014077286561697206,0.022051132754867288,0.008898738499852853,0.0015247076403751894,0.0033875330393955856,0.009004929724300276,0.014875283062710241,0.0042964680630202205,0.000948005209653897,0.002382712278374624,0.010674647284227635,0.020674744912096765,0.010439705956063541,0.001128566871055847
134,2017-03-01,0.004013371554056974,0.014085036264511986,0.024941284346085987,0.01017601501589817,0.0015602227622383356,0.00224450256397554,0.010163339546123052,0.014614104931946505,0.006022873930235974,0.0009845156822124496,0.003960335858671373,0.010562729165475186,0.024027414517372208,0.01268500953726376,0.0010565412766341481
135,2017-04-01,0.0032759147326146924,0.015352141969926347,0.023505204449166515,0.008728300293335121,0.0015850607526250737,0.001258142678396823,0.008641833164559156,0.013770362764967611,0.005400893708183144,0.000905409658335586,0.0029980248472417795,0.010817129841624723,0.022177090979620635,0.009360865562519171,0.0011108093101242736
136,2017-05-01,0.0039027682914589113,0.014808180749374754,0.02374124441762209,0.008433409505976553,0.0016398264614629024,0.0022121036550724073,0.00942019252061554,0.014958899918062974,0.004817848986904832,0.0009718478493452288,0.0037417798313245897,0.010582731706119935,0.02101085680765221,0.00929609801138988,0.0009896054102768019
137,2017-06-01,0.0040701814130121436,0.013663123991143151,0.024008063541312706,0.009850618336428073,0.0016758392586737518,0.0021831145147853306,0.010073243631730787,0.014114957953793202,0.006629477180964963,0.0009114947370953446,0.003037959098195865,0.010020495947351181,0.02371995057833106,0.012734715092103133,0.001013945725315837
138,2017-07-01,0.003993574495081812,0.013160132242716116,0.025334731144401202,0.010198335053197062,0.001536877797894707,0.0026353205229793677,0.010182657699628313,0.016196181052380732,0.006059057672289734,0.000990103085624505,0.0031524978830548642,0.01041407362788069,0.02159584385711602,0.014377584739548484,0.0010742988375657212
139,2017-08-01,0.0035740734916238563,0.014628935565918178,0.023839064466542315,0.011791322796081555,0.0016560909963513662,0.0029136889717845883,0.010301882142328385,0.013718628953443475,0.006961296818992082,0.0009961881643842636,0.003165050761432873,0.009880287267863662,0.05993852436185363,0.014214264154827813,0.0009490005603493033
140,2017-09-01,0.003580134690048571,0.014012383930662241,0.02455779249625237,0.010902070862212673,0.0014541750719966001,0.0023274571274227002,0.009419100658629524,0.016909081297307747,0.005299070713895795,0.0010256182074876513,0.0019289140122948367,0.009988588153402868,0.02135604356046497,0.01280703677482705,0.0011214864416006817
141,2017-10-01,0.0038635664604597963,0.01398816927686153,0.023405260858594793,0.008803542887567335,0.001664324300435334,0.0019256400938485083,0.010170470823511047,0.013781810645877713,0.005397333750861443,0.0011762521504385106,0.0017460061436577606,0.009598223469852542,0.01864097200249823,0.00919783244705143,0.0008942348515114745
142,2017-11-01,0.004175695179799961,0.014749232848727393,0.0228652871272182,0.01071746684811207,0.001794554781782708,0.0027861831014923243,0.008504219825720164,0.013473145516152545,0.006499316276024634,0.0008343794146092934,0.0013569440307202934,0.00958178153724362,0.019538944752442413,0.012966218047434724,0.000972345524692932
143,2017-12-01,0.0034058455093747284,0.015603378286010793,0.022147780593404116,0.012834553043175349,0.0014349244850219178,0.0020343837936881654,0.008385192104158466,0.014286142258238588,0.006242064819899037,0.00103170328624741,0.002396276526703215,0.010822534585940968,0.021065249952748007,0.01110080740563731,0.0011346519498156057
144,2018-01-01,0.004654534387877736,0.014751198962578675,0.023220376195898885,0.013491839456913329,0.0014709372822327672,0.0019704208971465763,0.009395421242346427,0.014921985678825482,0.007357607877740941,0.0011519118353994755,0.00335721370943474,0.011720940990193655,0.01881205787735474,0.012908873326134433,0.0009784306034526908
145,2018-02-01,0.004049283330821434,0.014733219788289769,0.022546495130138802,0.010743862865619744,0.001651001268287014,0.002159976519142674,0.008823463458236312,0.014142963306759904,0.0062367985300545,0.0009175798158551034,0.001969805953650317,0.009278550965165099,0.02323896439604902,0.013356184011525728,0.0010326986369428163
146,2018-03-01,0.0035906471375988383,0.01436672943266426,0.019748992384182797,0.008930103079383675,0.0017412820989879886,0.0028892973399737287,0.00872941113644751,0.013755466554102407,0.005512446655685864,0.000881567018644254,0.002954538537552172,0.011714964406998452,0.020079817592478184,0.009696664913746145,0.0009784306034526908
147,2018-04-01,0.0034565130154175653,0.015246164501823393,0.024266882800545068,0.008654035408048766,0.0016094010676641086,0.0029182658217618384,0.008809673465774636,0.013805769044437595,0.004466713266189632,0.0007618561448398916,0.002269492643452805,0.010755267008512195,0.022466388981574745,0.008712876558435013,0.0012300225085809331
148,2018-05-01,0.003776083850897912,0.014182650784064731,0.025896779437793015,0.009260506204431869,0.0015378731485901132,0.00171756035288248,0.00993381665142959,0.014349554111314562,0.004610850816943544,0.001091558723149591,0.0018107174683260447,0.010694637540615904,0.022374426932361156,0.009606087541982031,0.0009718478493452288
149,2018-06-01,0.003911792699878548,0.014979009080143628,0.025640915524771827,0.009388309796327045,0.0014592648000609526,0.002693695770101232,0.007701852527504688,0.013587325321630855,0.005272140502272966,0.000905409658335586,0.0012456656726430012,0.010154372604042864,0.021624015534167314,0.009349655218832322,0.001236605262688395
150,2018-07-01,0.004426916498863789,0.013959619579867875,0.023602678426642813,0.013415949717335618,0.0016819243374335104,0.0018194172727603426,0.009074985444825117,0.013752695294105714,0.005667003209750162,0.000941422455546435,0.0023979377090080772,0.009935456047472773,0.02236053904088893,0.010281430747426854,0.0009779329281049878
151,2018-08-01,0.0042084373938603105,0.015569697655808507,0.022364995124574585,0.009842170864278839,0.0015728905951055562,0.0024897872617376964,0.00924122066177701,0.014856368144120145,0.005025526699458823,0.000948005209653897,0.002439315139869678,0.010000186658524708,0.019509118468228854,0.009087359877231192,0.00108038391632548
152,2018-09-01,0.004241155630275336,0.01576059084190491,0.027699421455929775,0.011601631653476876,0.0015855584279727767,0.0021471878907474303,0.00823229121374678,0.013925777850486376,0.007338525150527417,0.0010261158828353545,0.0014481623087433419,0.00884235215603949,0.020730175009670303,0.011791481469778006,0.0009896054102768019
153,2018-10-01,0.003829860922832506,0.01382293427083388,0.0248651921318065,0.009786453006960915,0.0015678008670412036,0.0025650722898794376,0.007911105576069883,0.013314796548230604,0.005710933403524505,0.000941422455546435,0.0018877800690722867,0.009047818091192289,0.01944351029060176,0.013876561920357898,0.0010920563984972943
154,2018-11-01,0.004428610044226226,0.016454005791749014,0.024121222018851713,0.01342879949750883,0.001669754179913993,0.002655756237206456,0.010743105573636226,0.013758310320248124,0.006039195973411089,0.0009591800164780082,0.0022068887445606572,0.010521580842849472,0.018997582338070293,0.012642290960641876,0.000972345524692932
155,2018-12-01,0.003440476780596294,0.015743995925462138,0.02478148819026765,0.011674031453682275,0.0014526820459534909,0.0024640471860743352,0.008211960784518763,0.012272383452637514,0.005828112985033396,0.000990103085624505,0.002274541836943796,0.00980090686024422,0.020840286210881753,0.011014972690924017,0.0011584945895069376
156,2019-01-01,0.004031258577163101,0.01562707704879866,0.023057514403942093,0.01253480901552216,0.0015916435067325355,0.0033698389057342914,0.0083076360692214,0.013199602673337791,0.0060843952146848275,0.0010565412766341481,0.0018901575430959462,0.010876391858090166,0.021269910843703808,0.011413377807731821,0.0009530949377182494
157,2019-02-01,0.0056110280445747195,0.01538925632981711,0.026787227210425982,0.011679065399541503,0.0017169417839489535,0.0022621032845244484,0.009067916054376474,0.014170601472458012,0.006737888969633706,0.0009358350521343796,0.002509767354107792,0.009299691186031533,0.02143706215205631,0.013507328029458678,0.0009485028850016002
158,2019-03-01,0.005396795213881195,0.012910350127421595,0.02556769960722751,0.012390294171927538,0.0015916435067325355,0.0031809139583825695,0.007092684933375823,0.013227439376550304,0.006398879352108946,0.0008693968611247365,0.002212225473061389,0.007871235645174142,0.02061752559767121,0.011822875479494531,0.0011402393532276612
159,2019-04-01,0.005090071127600546,0.017436252034425646,0.026245317210363776,0.012639723503308204,0.001621073549835923,0.0022486147231165596,0.009056906857481587,0.015237501525671713,0.0055133331873278065,0.0009718478493452288,0.00264654560341353,0.010220940856598054,0.021565389187101873,0.015002444465128134,0.0010083583219037812
160,2019-05-01,0.004002800644330209,0.01703318237005265,0.02750893289556636,0.011058484889588157,0.0016322483566600344,0.0017052855015522843,0.009163927200901988,0.013292147500742422,0.0069914651416614106,0.000905409658335586,0.002027834665385391,0.011438619536084589,0.02161668075363079,0.01288440154317034,0.0010636217060893132
161,2019-06-01,0.005897301343871593,0.015021001527701174,0.022641771366753147,0.0117409001931899,0.0018493204906205366,0.0025074843535298325,0.00790567577728128,0.012394437626834752,0.00530573884606885,0.0007623538201875947,0.0020623195590041238,0.009908556906708723,0.019035760408616674,0.012428908887982051,0.0009896054102768019
162,2019-07-01,0.006113806238249871,0.015598294336088402,0.02619713306025456,0.012865619327340485,0.0016981888723219742,0.002069161995038013,0.008903310093658976,0.012641973503995313,0.005894224403445077,0.0008754819398844953,0.002245408213189292,0.00947115919453954,0.021031897958804936,0.013738175174024711,0.0010276089088784638
163,2019-08-01,0.004235099736779465,0.015243244308460802,0.028217704996076988,0.012230913007030417,0.0016565886716990693,0.0017510560932033012,0.008295752822246484,0.014130856619919396,0.006330046865087345,0.0008633117823649778,0.0010557885531478238,0.009296237080983892,0.020767767452235394,0.012253901160866243,0.0010813792670208862
164,2019-09-01,0.004937226037085486,0.014592510161825743,0.025908763712983115,0.012505248952291584,0.0018315629296889637,0.0025600417140293525,0.008659862825978084,0.012622145384114259,0.006418881817094931,0.0007801113811191678,0.0021620718544246094,0.009717688084361943,0.021568921422957663,0.013271782905625725,0.0009896054102768019
165,2019-10-01,0.005396100156970814,0.015733781956891388,0.02781756798732577,0.012854131313428694,0.001488197167816637,0.002080707161380433,0.007649250593851126,0.014371664797788732,0.006001407188184069,0.0010195331287278925,0.0018144477076420917,0.009452201660948668,0.021064736022357308,0.011462532991475734,0.0010935494245404038
166,2019-11-01,0.004775509847910615,0.015735518862542798,0.024654361398626673,0.01114908442136061,0.001728614266120768,0.0012040813814076842,0.008543813343418782,0.013626107316111365,0.00724347322655275,0.0009124900877907509,0.0023031220524659317,0.008555902005729598,0.019037653317934604,0.012149102277951547,0.0009601753671734146
167,2019-12-01,0.0037459597142545176,0.01671176917700889,0.023831832659912865,0.012237055865416109,0.0016565886716990693,0.0017380587856935645,0.007852961028766514,0.014030537076572537,0.005875770366492713,0.000905907333683289,0.00237274853739518,0.009192133364449713,0.01904826661505009,0.012200705426512899,0.001038783715702575
168,2020-01-01,0.005122057822975478,0.01577676301735371,0.02568039772854567,0.012197961780737602,0.0016687588292185868,0.0021099371034596043,0.007994597351156736,0.013501115272239166,0.005785526887817995,0.0009784306034526908,0.0021878397758329834,0.010966868615575791,0.019839929758878178,0.014239909706288004,0.0009540902884136558
169,2020-02-01,0.00588677954632877,0.01707107257028556,0.025324119520570752,0.011259637808031719,0.0017772948961988378,0.0029015164496704843,0.0090143583074764,0.014693360393294514,0.006142672990542713,0.0009774352527572843,0.0022415862325688364,0.010338487483876333,0.01924937972908617,0.012763514242136637,0.0008465495721288108
170,2020-03-01,0.006160556497313858,0.015547329965197277,0.02859176931759526,0.013633105888653567,0.0018376480084487223,0.002116191647342417,0.007715118672896243,0.014345691003797451,0.006254789625678279,0.0007796137057714648,0.0021628157628428846,0.009788685627659456,0.02080824921881714,0.013207639772431131,0.0009840180068647463
