Data Source,World Development Indicators,,,,,,,,,,,,,,,,,,,,,,,,,,,,,,,,,,,,,,,,,,,,,,,,,,,,,,,,,,,,,,
Last Updated Date,4/9/2020,,,,,,,,,,,,,,,,,,,,,,,,,,,,,,,,,,,,,,,,,,,,,,,,,,,,,,,,,,,,,,
,,,,,,,,,,,,,,,,,,,,,,,,,,,,,,,,,,,,,,,,,,,,,,,,,,,,,,,,,,,,,,,
Country Name,Country Code,Indicator Name,Indicator Code,1960,1961,1962,1963,1964,1965,1966,1967,1968,1969,1970,1971,1972,1973,1974,1975,1976,1977,1978,1979,1980,1981,1982,1983,1984,1985,1986,1987,1988,1989,1990,1991,1992,1993,1994,1995,1996,1997,1998,1999,2000,2001,2002,2003,2004,2005,2006,2007,2008,2009,2010,2011,2012,2013,2014,2015,2016,2017,2018,2019
Aruba,ABW,Individuals using the Internet (% of population),IT.NET.USER.ZS,,,,,,,,,,,,,,,,,,,,,,,,,,,,,,,0,,,,,,2.768382663,,,4.506179098,15.44282295,17.1,18.8,20.8,23,25.4,28,30.9,52,58,62,69,74,78.9,83.78,88.66122693,93.54245387,97.17,,
Afghanistan,AFG,Individuals using the Internet (% of population),IT.NET.USER.ZS,,,,,,,,,,,,,,,,,,,,,,,,,,,,,,,0,,,,,,,,,,,0.004722568242,0.00456139517,0.08789125286,0.10580903,1.224148084,2.107123645,1.9,1.84,3.55,4,5,5.454545455,5.9,7,8.26,11.2,13.5,,
Angola,AGO,Individuals using the Internet (% of population),IT.NET.USER.ZS,,,,,,,,,,,,,,,,,,,,,,,,,,,,,,,0,,,,,,0.000775929,0.005673746,0.018453724,0.071964087,0.1050455625,0.1360138674,0.2703767456,0.3706820652,0.464814618,1.143366827,1.5,1.7,1.9,2.3,2.8,3.1,6.5,8.9,21.4,12.4,13,14.33907936,,
Albania,ALB,Individuals using the Internet (% of population),IT.NET.USER.ZS,,,,,,,,,,,,,,,,,,,,,,,,,,,,,,,0,,,,,0.011168695,0.032196828,0.048593919,0.06502737,0.081437045,0.1140973466,0.3257983771,0.3900812734,0.9719004152,2.420387798,6.043890864,9.609991316,15.03611541,23.86,41.2,45,49,54.65595904,57.2,60.1,63.2529327,66.3634447,71.8470405,,
Andorra,AND,Individuals using the Internet (% of population),IT.NET.USER.ZS,,,,,,,,,,,,,,,,,,,,,,,,,,,,,,,0,,,,,,1.526601023,3.050175385,6.886209218,7.635686143,10.53883561,,11.26046872,13.54641288,26.83795439,37.60576622,48.936847,70.87,70.04,78.53,81,81,86.43442462,94,95.9,96.91,97.93063712,91.56746703,,
Arab World,ARB,Individuals using the Internet (% of population),IT.NET.USER.ZS,,,,,,,,,,,,,,,,,,,,,,,,,,,,,,,,,,,,0.01730201416,0.03846126197,0.1354881592,0.2706041692,0.6158446056,1.165887243,1.590368591,2.72740392,3.686682404,7.081958009,8.464300594,11.6967073,14.22754325,18.59709615,21.56866715,24.94776184,26.75387459,30.37007531,33.11279758,36.62384907,43.69633487,41.48747671,49.26012797,63.16672895,
United Arab Emirates,ARE,Individuals using the Internet (% of population),IT.NET.USER.ZS,,,,,,,,,,,,,,,,,,,,,,,,,,,,,,,0,,,,,0.102939175,0.375393534,3.295592694,6.908302986,14.94269899,23.62530088,26.2717542,28.31648531,29.47795341,30.13129617,40,52,61,63,64,68,78,84.9999915,88,90.4,90.5,90.60000732,94.81992254,98.45000178,
Argentina,ARG,Individuals using the Internet (% of population),IT.NET.USER.ZS,,,,,,,,,,,,,,,,,,,,,,,,,,,,,,,0,,0.002992874,0.029527065,0.043705951,0.086277081,0.141954704,0.280339882,0.83076668,3.284481956,7.038683086,9.780807285,10.88212438,11.91369655,16.03668411,17.72058337,20.9272021,25.94663294,28.11262348,34,45,51,55.8,59.9,64.7,68.04306411,70.96898082,74.29490687,,
Armenia,ARM,Individuals using the Internet (% of population),IT.NET.USER.ZS,,,,,,,,,,,,,,,,,,,,,,,,,,,,,,,0,,,,0.009117014,0.052743123,0.094572902,0.111650935,0.128659478,0.970737757,1.300470022,1.631094667,1.960405046,4.575217225,4.899008571,5.252983352,5.631787777,6.021253397,6.21,15.3,25,32,37.5,41.9,54.62280586,59.10237771,64.34602977,64.74488433,,
American Samoa,ASM,Individuals using the Internet (% of population),IT.NET.USER.ZS,,,,,,,,,,,,,,,,,,,,,,,,,,,,,,,0,,,,,,,,,,,,,,,,,,,,,,,,,,,,,
Antigua and Barbuda,ATG,Individuals using the Internet (% of population),IT.NET.USER.ZS,,,,,,,,,,,,,,,,,,,,,,,,,,,,,,,0,,,,,2.200768802,2.858449577,3.480536838,4.0717165,5.300681138,6.482225737,8.899285515,12.5,17.22864878,24.26654372,27,30,34,38,42,47,52,58,63.4,67.78,70,73,76,,
Australia,AUS,Individuals using the Internet (% of population),IT.NET.USER.ZS,,,,,,,,,,,,,,,,,,,,,,,,,,,,,,,0.585094712,1.097203891,1.768764913,1.974611016,2.232101254,2.759654513,3.27524987,16.36935838,30.81323944,40.7837839,46.75611561,52.68926643,,,,63,66,69.45,71.67,74.25,76,79.48769771,79,83.45349717,84,84.56051935,86.54,86.54504885,,
Austria,AUT,Individuals using the Internet (% of population),IT.NET.USER.ZS,,,,,,,,,,,,,,,,,,,,,,,,,,,,,,,0.130369377,0.259081553,0.642817619,0.76534273,1.393422968,1.890210524,6.909162353,9.533974317,15.42121932,23.0443171,33.73013295,39.18545018,36.56,42.7,54.28,58,63.6,69.37,72.87,73.45,75.17,78.7399931,80.02999392,80.6188,80.99582496,83.94014193,84.32374257,87.93558659,87.47913723,
Azerbaijan,AZE,Individuals using the Internet (% of population),IT.NET.USER.ZS,,,,,,,,,,,,,,,,,,,,,,,,,,,,,,,0,,,,0.001431415,0.002055556,0.006354585,0.025187933,0.037485109,0.099228942,0.1477575756,0.3055646376,4.999713678,,,8.030375356,11.99217733,14.54,17.08,27.4,46,50,54.2,73.00000137,75.00001564,77,78.2,79,79.79999549,
Burundi,BDI,Individuals using the Internet (% of population),IT.NET.USER.ZS,0,,,,,0,,,,,0,,,,,0,0,0,0,0,0,0,0,0,0,0,0,0,0,0,0,0,0,0,0,0,0.000803592,0.007979439,0.015842776,0.039204469,0.07724844738,0.1060012454,0.1182284123,0.2012731967,0.3490604619,0.5421428658,0.6575925904,0.7,0.81,0.9,1,1.11,1.219999945,1.264218111,1.38,4.866224464,5.173626777,2.660748535,,
Belgium,BEL,Individuals using the Internet (% of population),IT.NET.USER.ZS,,,,,,,,,,,,,,,,,,,,,,,,,,,,,,,0.00100674,0.020072645,0.100041027,0.199446059,0.69599469,0.99166299,2.968411647,4.93808091,7.886622701,13.77221446,29.43169169,31.28839551,46.33,49.97,53.86,55.82,59.72,64.44,66,70,75,81.609996,80.71999055,82.1702,85,85.0529,86.51647666,87.67968082,88.65506428,
Benin,BEN,Individuals using the Internet (% of population),IT.NET.USER.ZS,,,,,,,,,,,,,,,,,,,,,,,,,,,,,,,0,,,,,,0.0016931,0.024648796,0.047877304,0.154906741,0.2252478515,0.36341789,0.7029455951,0.9513271149,1.182540965,1.271031439,1.537854346,1.79,1.85,2.24,3.13,4.148323066,4.5,4.9,6,11.25498791,11.99404791,20,,
Burkina Faso,BFA,Individuals using the Internet (% of population),IT.NET.USER.ZS,,,,,,,,,,,,,,,,,,,,,,,,,,,,,,,0,,,,,,0.000960519,0.018686353,0.045423484,0.061780293,0.07708016894,0.1577324647,0.2009925979,0.3734403032,0.4002952855,0.4699144887,0.6327075645,0.75,0.92,1.13,2.4,3,3.725034916,9.1,9.4,14,13.96,16,,
Bangladesh,BGD,Individuals using the Internet (% of population),IT.NET.USER.ZS,,,,,,,,,,,,,,,,,,,,,,,,,,,,,,,0,,,,,,,0.000751046,0.003684813,0.036170407,0.07103942305,0.1298079739,0.1399202885,0.1638776655,0.1990363337,0.2416373256,1,1.8,2.5,3.1,3.7,4.5,5,6.63,13.9,14.4,18.02,15,,
Bulgaria,BGR,Individuals using the Internet (% of population),IT.NET.USER.ZS,,,,,,,,,,,,,,,,,,,,,,,,,,,,,,,0,,,0.002339042,0.019526669,0.119665549,0.725251167,1.219813132,1.844965121,2.908154025,5.370923469,7.612297749,9.08,12.04,18.13,19.97,27.09,33.64,39.67,45,46.23,47.97999305,51.89998767,53.0615,55.49,56.6563,59.82554766,63.41010138,64.78201069,
Bahrain,BHR,Individuals using the Internet (% of population),IT.NET.USER.ZS,,,,,,,,,,,,,,,,,,,,,,,,,,,,,,,0,,,,,0.346205844,0.843254219,1.646299202,3.218202151,4.720358118,6.153732546,15.03863425,18.05072089,21.55494499,21.45868051,21.30373351,28.24395243,32.91,51.95,53,55,76.9999665,88,90.0000397,90.50313348,93.47830114,97.9999807,95.87813575,98.64467258,
"Bahamas, The",BHS,Individuals using the Internet (% of population),IT.NET.USER.ZS,,,,,,,,,,,,,,,,,,,,,,,,,,,,,,,0,,,,,0.960030721,1.746950698,1.362953903,2.33559071,3.764557822,8,11.8,18,20,22,25,26,27,31.54,33.88,43,65,71.74820281,72,76.92,78,80,85,,
Bosnia and Herzegovina,BIH,Individuals using the Internet (% of population),IT.NET.USER.ZS,,,,,,,,,,,,,,,,,,,,,,,,,,,,,,,0,,,,,,0.015125563,0.059425563,0.14367106,0.1943742,1.08296075,1.200526951,2.648267914,3.965036834,15.46897162,21.326701,25.12238569,27.92,34.66,37.74,42.75,43.88768653,45.06450043,48.52131417,49.91773243,52.6,60.25653543,64.89197728,70.12013504,
Belarus,BLR,Individuals using the Internet (% of population),IT.NET.USER.ZS,,,,,,,,,,,,,,,,,,,,,,,,,,,,,,,0,,,,0.000485951,0.002921254,0.029298294,0.049020891,0.073868897,0.494881245,1.860398126,4.300616022,8.950971315,,,,16.2,19.7,23,27.43,31.8,39.64889566,46.91,54.17,59.02,62.23036091,71.11304576,74.43644541,79.12988669,
Belize,BLZ,Individuals using the Internet (% of population),IT.NET.USER.ZS,,,,,,,,,,,,,,,,,,,,,,,,,,,,,,,0,,,,,0.04539718,0.882807327,1.288582302,2.091516391,4.076740564,5.963835303,,5.684251214,,9.8,17,24,24.6,26.3,27.2,28.2,30.7,31,33.6,38.7,41.59,44.57574032,47.0826258,,
Bermuda,BMU,Individuals using the Internet (% of population),IT.NET.USER.ZS,,,,,,,,,,,,,,,,,,,,,,,,,,,,,,,0,,,,,6.838163465,16.20246602,24.18925674,32.10375935,39.94758876,42.94986002,47.5096999,52.03159737,56.52201218,60.99086701,65.44706579,69.89965516,74.35059403,82.3,83.25,84.21,88.336,91.29930452,95.3,96.8,98.32360965,98,98.37,,
Bolivia,BOL,Individuals using the Internet (% of population),IT.NET.USER.ZS,,,,,,,,,,,,,,,,,,,,,,,,,,,,,,,0,,,,,0.066807568,0.196081174,0.447839036,0.626484062,0.981815187,1.442763585,2.120462534,3.117192947,3.508596401,4.439924601,5.227583957,6.200671255,10.49924432,12.5,16.8,22.4,30,35.34,36.99,34.6,35.56227065,39.6975146,43.83227607,44.28614216,
Brazil,BRA,Individuals using the Internet (% of population),IT.NET.USER.ZS,,,,,,,,,,,,,,,,,,,,,,,,,,,,,,,0,0.003288171,0.012946262,0.025498253,0.037672709,0.105138168,0.450789179,0.786079155,1.477874959,2.038732184,2.870685159,4.528494869,9.149425086,13.2075861,19.07367227,21.02274725,28.17838018,30.88,33.83,39.22,40.65,45.69,48.56,51.04,54.55100188,58.32795173,60.87254007,67.47128452,70.43428254,
Barbados,BRB,Individuals using the Internet (% of population),IT.NET.USER.ZS,,,,,,,,,,,,,,,,,,,,,,,,,,,,,,,0,,,,,0.007752238,0.389464214,0.783428912,1.970249237,2.376247035,3.973678355,11.93645034,27.83632242,39.68962712,49.8,52.5,55.3,58.2,61.4,64.7,65.1,66.5,71.2,71.8,75.16,76.11,79.54939789,81.76077839,,
Brunei Darussalam,BRN,Individuals using the Internet (% of population),IT.NET.USER.ZS,,,,,,,,,,,,,,,,,,,,,,,,,,,,,,,0,,,,,1.017080166,3.303349927,4.831057905,6.284742844,7.671041206,8.996284534,12.91776908,15.32987986,19.59500322,29.71560414,36.46639195,42.18634916,44.68,46,49,53,56,60.27306504,64.5,68.77,71.2,90,94.86669164,,
Bhutan,BTN,Individuals using the Internet (% of population),IT.NET.USER.ZS,,,,,,,,,,,,,,,,,,,,,,,,,,,,,,,0,,,,,,,,,0.137571514,0.4009444469,0.8646285642,1.675802584,2.436912399,3.156984196,3.847106745,4.518317258,5.92,6.55,7.17,13.6,14.4,15.6,22.4,30.3,39.8,41.77264453,48.10641588,,
Botswana,BWA,Individuals using the Internet (% of population),IT.NET.USER.ZS,0,,,,,0,,,,,0,,,,,0,0,0,0,0,0,0,0,0,0,0,0,0,0,0,0,0,,,,0.064521041,0.15745423,0.30774685,0.602400929,1.122391474,2.902666622,3.430886787,3.385922351,3.345190174,3.304889253,3.262554036,4.289932975,5.28,6.25,6.15,6,9,16,30,36.74474744,37.31205037,39.36299738,47,,
Central African Republic,CAF,Individuals using the Internet (% of population),IT.NET.USER.ZS,,,,,,,,,,,,,,,,,,,,,,,,,,,,,,,0,,,,,,0.005849503,0.014270881,0.027878201,0.040894287,0.05339417422,0.07854342784,0.1285371165,0.1515633379,0.2234013955,0.2681956092,0.3111591732,0.375815961,1,1.8,2,2.2,3,3.4,3.6,3.8,4,4.339254945,,
Canada,CAN,Individuals using the Internet (% of population),IT.NET.USER.ZS,,,,,,,,,,,,,,,,,,,,,,,,,,,,,,,0.360999701,0.570385926,0.91598104,1.184557509,2.378693853,4.163525253,6.76023965,15.07235736,24.8974003,36.18644004,51.3,60.2,61.59329927,64.2,65.95596346,71.66,72.4,73.2,76.7,80.3,80.3,83,83,85.8,87.12,90,91.16,91,,
Central Europe and the Baltics,CEB,Individuals using the Internet (% of population),IT.NET.USER.ZS,,,,,,,,,,,,,,,,,,,,,,,,,,,,,,,,,,0.1486478775,0.3892807588,0.6220143165,1.068812458,1.79192321,3.515199038,4.967280248,7.053821236,10.23883,18.25547593,22.5931211,29.24634069,34.75088949,40.80060882,45.28417403,50.68652882,55.09862076,58.59131297,59.11034673,61.71634151,63.46399045,66.48339261,67.34946913,71.34198079,73.40956613,75.99337435,
Switzerland,CHE,Individuals using the Internet (% of population),IT.NET.USER.ZS,,,,,,,,,,,,,,,,,,,,,,,,,,,,,,,0.595714223,1.17995597,1.751713322,2.167270203,2.720004329,3.552007211,4.549656748,15.1,24.8,34,47.1,55.1,61.4,65.1,67.8,70.1,75.7,77.2,79.2,81.3,83.9,85.19302818,85.2,86.34,87.4,87.4790556,89.13468774,89.68614767,,
Channel Islands,CHI,Individuals using the Internet (% of population),IT.NET.USER.ZS,,,,,,,,,,,,,,,,,,,,,,,,,,,,,,,,,,,,,,,,,,,,,,,,,,,,,,,,,,,,
Chile,CHL,Individuals using the Internet (% of population),IT.NET.USER.ZS,,,,,,,,,,,,,,,,,,,,,,,,,,,,,,,0,,0.036548938,0.071783144,0.141084507,0.346980781,0.68347561,1.057092496,1.662322022,4.103419297,16.6,19.1,22.1,25.47377889,28.17791012,31.17534703,34.49775117,35.9,37.3,41.56,45,52.24960729,55.05,58,61.11,76.63,83.55858602,82.32748693,,
China,CHN,Individuals using the Internet (% of population),IT.NET.USER.ZS,,,,,,,,,,,,,,,,,,,,,,,,,,,,,,,0,,,0.00016868,0.001168115,0.00495471,0.013081692,0.032394861,0.168540297,0.708187957,1.775913207,2.639650215,4.595704331,6.2,7.3,8.523257003,10.52315262,16,22.6,28.9,34.3,38.3,42.30011749,45.8,47.9,50.3,53.2,54.3,,
Cote d'Ivoire,CIV,Individuals using the Internet (% of population),IT.NET.USER.ZS,,,,,,,,,,,,,,,,,,,,,,,,,,,,,,,0,,,,,0.000200256,0.00840978,0.018828361,0.060974439,0.118685917,0.2314616706,0.3957477022,0.4979293608,0.7586696295,0.8492824147,1.039238205,1.524900791,1.8,1.9,2,2.7,2.9,5,12,19.2742298,38.44,41.20781493,43.83992085,46.82372708,
Cameroon,CMR,Individuals using the Internet (% of population),IT.NET.USER.ZS,,,,,,,,,,,,,,,,,,,,,,,,,,,,,,,0,,,,,,,0.006768744,0.013216341,0.129067581,0.2521200777,0.2770513218,0.3608715843,0.5876226111,0.9760754155,1.402654226,2.028744791,2.93,3.4,3.84,4.3,5,7.5,10,16.21487223,20.68014766,23.20297197,23.20297197,,
"Congo, Dem. Rep.",COD,Individuals using the Internet (% of population),IT.NET.USER.ZS,,,,,,,,,,,,,,,,,,,,,,,,,,,,,,,0,,,,,,0.000108207,0.000211213,0.000413065,0.001009076,0.005902113681,0.01147578192,0.09279070246,0.1349148374,0.1962083752,0.2380377987,0.2960536103,0.37,0.44,0.56,0.72,1.2,1.679961015,2.2,3,3.799999507,6.20997406,8.619904916,,
"Congo, Rep.",COG,Individuals using the Internet (% of population),IT.NET.USER.ZS,,,,,,,,,,,,,,,,,,,,,,,,,,,,,,,0,,,,,,0.00352686,0.003469104,0.003415143,0.016791049,0.02635473206,0.03222361643,0.1572495172,0.4600141868,1.07750493,1.46342006,2.007990079,2.759704374,4.287509903,4.5,5,5.6,6.106695024,6.6,7.11,7.615974662,8.121949323,8.65,,
Colombia,COL,Individuals using the Internet (% of population),IT.NET.USER.ZS,,,,,,,,,,,,,,,,,,,,,,,,,,,,,,,0,,,,0.107173945,0.18804679,0.330017773,0.550521023,1.126225245,1.697730794,2.207532993,2.854199971,4.6,7.388923711,9.118690303,11.00726389,15.34167454,21.8,25.6,30,36.5,40.35091575,48.98,51.7,52.57,55.90497251,58.13649357,62.25988032,64.12637682,
Comoros,COM,Individuals using the Internet (% of population),IT.NET.USER.ZS,,,,,,,,,,,,,,,,,,,,,,,,,,,,,,,0,,,,,,,0,0.03787097,0.148162964,0.2717406073,0.4430683725,0.554869675,0.8481893702,1.327327178,2,2.2,2.5,3,3.5,5.1,5.5,5.975296308,6.5,6.98,7.459161386,7.938322771,8.478170295,,
Cabo Verde,CPV,Individuals using the Internet (% of population),IT.NET.USER.ZS,,,,,,,,,,,,,,,,,,,,,,,,,,,,,,,0,,,,,,,0.24096792,0.472735008,1.159982461,1.822443852,2.685332713,3.518757175,4.324885391,5.31883207,6.074087107,6.808911008,8.28321982,14,21,30,32,34.74,37.5,40.26,42.68,50.32281787,57.16214635,,
Costa Rica,CRI,Individuals using the Internet (% of population),IT.NET.USER.ZS,,,,,,,,,,,,,,,,,,,,,,,,,,,,,,,0,,0.001113325,0.081509754,0.279912479,0.416829206,0.84105704,1.640221288,2.666378698,3.904323257,5.800253023,9.559482135,19.89485113,20.33361481,20.79230671,22.07,25.1,28.4,32.29,34.33,36.5,39.212196,47.5,45.96,53,59.76295014,65.88044919,71.3907709,74.08680223,
Caribbean small states,CSS,Individuals using the Internet (% of population),IT.NET.USER.ZS,,,,,,,,,,,,,,,,,,,,,,,,,,,,,,,,,,,,0.192745494,0.5520331635,0.900278279,1.939210571,3.366104182,4.919305911,8.304084369,11.74958391,14.90380679,16.81713677,19.42329602,22.29266562,24.4998464,27.66798763,31.75089746,35.39109463,42.14125388,42.49399165,45.26984014,48.33369185,50.29546814,52.95321095,59.1763508,,
Cuba,CUB,Individuals using the Internet (% of population),IT.NET.USER.ZS,,,,,,,,,,,,,,,,,,,,,,,,,,,,,,,0,,,,,0.0000917,0.031949001,0.068220214,0.226699199,0.314690541,0.5411825488,1.079751722,3.770585038,5.241269054,8.407984759,9.738062208,11.15960131,11.69,12.94,14.33,15.9,16.0172908,21.2,27.93,29.07018437,37.30509742,42.97867519,57.14840432,,
Curacao,CUW,Individuals using the Internet (% of population),IT.NET.USER.ZS,,,,,,,,,,,,,,,,,,,,,,,,,,,,,,,,,,,,,,,,,,,,,,,,,,,,,,,,,61.85551074,68.12721625,,
Cayman Islands,CYM,Individuals using the Internet (% of population),IT.NET.USER.ZS,,,,,,,,,,,,,,,,,,,,,,,,,,,,,,,0,,,0,0,3.948967193,,,,,,,,,,38.03438308,44.5,52,61,64.5,66,69.46594499,69.7,71.4,74.1,77,79,81.06769325,,
Cyprus,CYP,Individuals using the Internet (% of population),IT.NET.USER.ZS,,,,,,,,,,,,,,,,,,,,,,,,,,,,,,,0,,0.05006043,0.056367482,0.111034621,0.410120685,0.673343541,4.378272095,8.890539159,11.34239866,15.25539437,18.81875904,28.32,30.09,33.83,32.81,35.83,40.77,42.31,49.81,52.99,56.85989235,60.6898684,65.4548,69.33,71.7159,75.9002054,80.74318897,84.43358252,
Czech Republic,CZE,Individuals using the Internet (% of population),IT.NET.USER.ZS,,,,,,,,,,,,,,,,,,,,,,,,,,,,,,,0,,,0.581319529,1.259217838,1.45357584,1.940378193,2.915698695,3.895906065,6.832802018,9.780527888,14.69717212,23.93,34.3,35.5,35.27,47.93,51.93,62.97,64.43,68.82,70.49,73.43000782,74.1104,74.23171164,75.6688387,76.4811987,78.71916143,80.68816754,
Germany,DEU,Individuals using the Internet (% of population),IT.NET.USER.ZS,,,,,,,,,,,,,,,,,,,,,,,,,,,,,,,0.125892223,0.250274153,0.43528529,0.463635096,0.922541043,1.837737754,3.054805234,6.711087477,9.877852428,20.84598264,30.2163466,31.65093942,48.82,55.9,64.73,68.71,72.16,75.16,78,79,82,81.26999954,82.34999847,84.17,86.19,87.58979935,84.16520664,84.39550077,89.73912104,
Djibouti,DJI,Individuals using the Internet (% of population),IT.NET.USER.ZS,,,,,,,,,,,,,,,,,,,,,,,,,,,,,,,0,,,,,0.01603083,0.031166241,0.082941498,0.094696004,0.105761909,0.1945005284,0.343526263,0.4869717045,0.6259402294,0.7813171751,0.9536114493,1.270041159,1.62,2.26,4,6.5,7,8.267232892,9.5,10.71,11.92243143,13.13491511,55.68140925,,
Dominica,DMA,Individuals using the Internet (% of population),IT.NET.USER.ZS,,,,,,,,,,,,,,,,,,,,,,,,,,,,,,,0,,,,,0.548762737,1.165518146,,2.925345191,2.932164377,8.814844198,13.24522804,18.42489277,23.62041985,30.31961309,38.54364326,39.3981743,40.27446301,41.16,42.02,47.45,48.6,49.8,51,57.5,65,67.03,69.61966879,,
Denmark,DNK,Individuals using the Internet (% of population),IT.NET.USER.ZS,,,,,,,,,,,,,,,,,,,,,,,,,,,,,,,0.097277268,0.194056515,0.386913951,0.578329976,1.34430775,3.82565642,5.714987841,11.38200494,22.66874615,30.59204065,39.17243086,42.95752472,64.25,76.26,80.93,82.74,86.65,85.03,85.02,86.84,88.72,89.81001339,92.26001172,94.6297,95.99,96.3305,96.96778525,97.09936216,97.31920437,
Dominican Republic,DOM,Individuals using the Internet (% of population),IT.NET.USER.ZS,,,,,,,,,,,,,,,,,,,,,,,,,,,,,,,0,,,,,0.017233601,0.074987053,0.142687565,0.233914189,1.104743874,3.704692356,4.429390697,6.823725733,7.898392937,8.865553461,11.48319778,14.84492837,17.66,20.82,27.72,31.4,38,42.32,45.9,49.58,54.21576634,63.87086474,67.57123468,74.82428986,
Algeria,DZA,Individuals using the Internet (% of population),IT.NET.USER.ZS,,,,,,,,,,,,,,,,,,,,,,,,,,,,,,,0,,,,0.000360674,0.001768954,0.001738533,0.010268463,0.020238555,0.199523843,0.4917056791,0.6461140167,1.59164126,2.195359731,4.634475088,5.843942092,7.375984956,9.451190626,10.18,11.23,12.5,14.9,18.2,22.5,29.5,38.2,42.94552688,47.69105515,49.03846808,
East Asia & Pacific (excluding high income),EAP,Individuals using the Internet (% of population),IT.NET.USER.ZS,,,,,,,,,,,,,,,,,,,,,,,,,,,,,,,,,,0.001156527288,0.004014643085,0.01305158341,0.03362757773,0.09409772167,0.3231817787,0.8524572936,1.893864676,2.777993344,4.405101888,5.762590771,6.882916179,8.313006093,10.16802448,14.38495551,19.27252848,23.78902104,28.979835,32.40445885,36.08240618,39.71641937,42.06180275,44.2904169,48.72880783,51.16874466,,
Early-demographic dividend,EAR,Individuals using the Internet (% of population),IT.NET.USER.ZS,,,,,,,,,,,,,,,,,,,,,,,,,,,,,,,0.0002428583093,,,,0.01484162793,0.04521305052,0.08019447351,0.1625719642,0.3420023387,0.6105151811,1.227261193,1.682055022,2.828285847,3.395432029,4.201648124,4.873934565,5.752670954,7.314519934,8.473975965,9.664196844,12.79285702,15.42567034,18.07650763,20.90993614,25.44907596,25.77265393,30.16674985,38.02906156,,
East Asia & Pacific,EAS,Individuals using the Internet (% of population),IT.NET.USER.ZS,,,,,,,,,,,,,,,,,,,,,,,,,,,,,,,0.007210874579,,,0.07932775987,0.1175999819,0.2104006204,0.4675369113,1.083685583,1.885414684,3.417878198,5.609240705,7.278354904,9.030182984,10.58339904,12.63396688,14.68650232,16.63753357,20.79045747,25.28551088,29.55069612,34.27055397,37.40232371,40.74375403,44.60920507,46.83847716,48.99874748,53.18742089,55.07326568,,
Europe & Central Asia (excluding high income),ECA,Individuals using the Internet (% of population),IT.NET.USER.ZS,,,,,,,,,,,,,,,,,,,,,,,,,,,,,,,,,,0.009093112134,0.03751303783,0.0888887746,0.1885190113,0.3612787607,0.6764139952,1.104411213,1.970775912,2.878245115,5.011762428,7.300017715,10.70630464,12.490043,15.02376776,20.39211524,23.89932106,27.46059309,35.62069694,40.54541107,48.82686926,52.78912919,56.89945464,58.79348617,62.51793421,66.58740199,73.10860187,
Europe & Central Asia,ECS,Individuals using the Internet (% of population),IT.NET.USER.ZS,,,,,,,,,,,,,,,,,,,,,,,,,,,,,,,0.04805783654,,0.2623218965,0.3176490989,0.5642286239,1.023009852,1.841437225,3.355163862,5.431164249,9.225793664,13.15624656,16.38032669,23.00710495,28.30974707,32.29572158,35.14374815,38.01023397,43.61681645,47.3177042,50.53584758,56.08688231,58.79337134,63.59047778,66.31235561,68.98925172,70.04399701,72.44627768,75.02782068,79.75323657,
Ecuador,ECU,Individuals using the Internet (% of population),IT.NET.USER.ZS,,,,,,,,,,,,,,,,,,,,,,,,,,,,,,,0,,0.005118035,0.016400751,0.034833586,0.043833641,0.086161276,0.110217959,0.125272771,0.823371634,1.462188536,2.670443674,4.260796915,4.460228345,4.834442638,5.994255161,7.2,10.8,18.8,24.6,29.03,31.36680836,35.13514645,40.27912194,45.59039067,48.94043379,54.06292473,57.27224368,,
"Egypt, Arab Rep.",EGY,Individuals using the Internet (% of population),IT.NET.USER.ZS,,,,,,,,,,,,,,,,,,,,,,,,,,,,,,,0,,,0.000975791,0.00638327,0.031319638,0.061466899,0.090480245,0.147987377,0.290445278,0.6412650375,0.8389456115,2.719999715,4.037885107,11.92,12.75,13.66,16.03,18.01,20,21.6,25.6,26.4,29.4,33.89460391,37.81938343,41.24806709,44.95020425,46.92433809,
Euro area,EMU,Individuals using the Internet (% of population),IT.NET.USER.ZS,,,,,,,,,,,,,,,,,,,,,,,,,,,,,,,0.0725336594,0.1691806081,0.3257769791,0.4692070076,0.8468331452,1.700748145,2.880561864,5.097878479,8.004277114,15.19861238,22.46611132,27.30775995,35.08328249,42.00906976,47.37339122,51.1540401,54.84045854,61.31208095,64.79625185,67.10576869,71.02755155,72.01410264,74.11900702,75.85028779,77.08909361,77.47253588,77.98945493,79.66087356,83.77847588,
Eritrea,ERI,Individuals using the Internet (% of population),IT.NET.USER.ZS,,,,,,,,,,,,,,,,,,,,,,,,,,,,,,,0,,,0,0,0,0,0.009017718,0.008774236,0.025495028,0.1367119411,0.1578152893,0.2270901376,,,,,0.41,0.47,0.54,0.61,0.7,0.8,0.9,0.99,1.083733116,1.17711872,1.30890698,,
Spain,ESP,Individuals using the Internet (% of population),IT.NET.USER.ZS,,,,,,,,,,,,,,,,,,,,,,,,,,,,,,,0.012873564,0.025686194,0.076845453,0.127689668,0.280069738,0.380800728,1.331847404,2.803319625,4.361892394,7.085039678,13.62496081,18.14872269,20.39,39.93,44.01,47.88,50.37,55.11,59.6,62.4,65.8,67.08999939,69.80999994,71.635,76.19,78.6896,80.56133294,84.6022428,86.10723553,
Estonia,EST,Individuals using the Internet (% of population),IT.NET.USER.ZS,,,,,,,,,,,,,,,,,,,,,,,,,,,,,,,0,,0.065484797,0.300711282,1.159750913,2.778968489,3.525111129,5.706276548,10.79603483,14.50089724,28.57695381,31.52748977,41.52,45.32,53.2,61.45,63.51,66.19,70.58,72.5,74.1,76.5,78.38992593,80.0043,84.24152803,88.4097035,87.24023275,88.10245687,89.35700777,
Ethiopia,ETH,Individuals using the Internet (% of population),IT.NET.USER.ZS,,,,,,,,,,,,,,,,,,,,,,,,,,,,,,,0,,,,,0.0000175,0.001703448,0.00496672,0.009663517,0.012541599,0.01526376721,0.03716238107,0.07240226187,0.1058116588,0.1553345208,0.219659819,0.3105926569,0.37,0.45,0.54,0.75,1.1,2.9,4.6,7.7,13.85517556,15.36692386,18.61805145,,
European Union,EUU,Individuals using the Internet (% of population),IT.NET.USER.ZS,,,,,,,,,,,,,,,,,,,,,,,,,,,,,,,0.06919651816,0.1716110465,0.3100573607,0.4335890142,0.8266178973,1.580468525,2.804913665,5.113750128,8.41547339,14.55664152,20.51789882,25.2735962,35.08582366,41.7917341,46.79274886,50.94901905,54.54535814,60.32845905,64.25853424,67.32112987,70.75468294,71.65900827,73.85313847,75.69435763,77.303943,77.77279989,79.23845795,80.82977855,84.04980528,
Fragile and conflict affected situations,FCS,Individuals using the Internet (% of population),IT.NET.USER.ZS,,,,,,,,,,,,,,,,,,,,,,,,,,,,,,,,,,,,,,0.03969190241,0.0813912594,0.1407687684,0.2791214456,0.2660065971,0.5431821577,0.7702523457,1.08123111,1.509249409,1.94188663,3.140782542,3.076381662,3.983882648,6.132845616,6.965264166,8.562306015,10.40003659,12.50175284,19.61904771,17.13823905,22.2626942,,
Finland,FIN,Individuals using the Internet (% of population),IT.NET.USER.ZS,,,,,,,,,,,,,,,,,,,,,,,,,,,,,,,0.40108767,1.397439332,1.88687977,2.568461349,4.915098554,13.90030389,16.78007526,19.4586828,25.45252493,32.29509229,37.24846174,43.10536335,62.43,69.22,72.39,74.48,79.66,80.78,83.67,82.49,86.89,88.70999491,89.87999797,91.5144,86.53039275,86.42213333,87.70364996,87.46892907,88.88996,
Fiji,FJI,Individuals using the Internet (% of population),IT.NET.USER.ZS,,,,,,,,,,,,,,,,,,,,,,,,,,,,,,,0,,,0.006678447,0.007907399,0.009115343,0.064437142,0.223454842,0.633167865,0.942462063,1.496854734,1.857978594,6.1526497,6.725434738,7.412943485,8.453636634,9.6000384,10.89783105,13,17,20,28,33.74235675,35.2,37.4,42.5,46.50697831,49.96637301,,
France,FRA,Individuals using the Internet (% of population),IT.NET.USER.ZS,,,,,,,,,,,,,,,,,,,,,,,,,,,,,,,0.052777862,0.140113895,0.279049463,0.590619383,0.899867425,1.637947245,2.584033979,4.255003872,6.319778722,9.125317889,14.30792394,26.32590355,30.18,36.14,39.15,42.87,46.87,66.09,70.68,71.58,77.28,77.81999899,81.44,81.9198,83.75,78.01,79.26981132,80.50245972,82.04318678,
Faroe Islands,FRO,Individuals using the Internet (% of population),IT.NET.USER.ZS,,,,,,,,,,,,,,,,,,,,,,,,,,,,,,,0,,,,,0,2.318786811,4.601297566,11.33786848,22.29753835,32.91639236,43.24698352,53.29922183,58.91264097,66.53359947,67.90263174,69.35944512,75.98,75.57,75.18,75.2,80.7321728,85.33518924,90,93.3,94.2,95.10868167,97.58195894,,
"Micronesia, Fed. Sts.",FSM,Individuals using the Internet (% of population),IT.NET.USER.ZS,,,,,,,,,,,,,,,,,,,,,,,,,,,,,,,0,,,,,,0.278037795,0.570676845,1.858718785,2.797594069,3.734862137,4.660527199,5.570099705,9.2325021,11.01786731,11.8813691,12.75033925,13.62113273,14.49,15.35,20,22.8,25.974423,27.8,29.65,31.50108128,33.35216255,35.30405287,,
Gabon,GAB,Individuals using the Internet (% of population),IT.NET.USER.ZS,,,,,,,,,,,,,,,,,,,,,,,,,,,,,,,0,,,,,,0,0.047999009,0.17012488,0.249009564,1.216140618,1.347620222,1.939530106,2.659586594,2.9790698,4.89326475,5.489200803,5.767004576,7.5,9.5,13,18,24,30.53803344,38.07120929,45.78453653,48.05227375,62,,
United Kingdom,GBR,Individuals using the Internet (% of population),IT.NET.USER.ZS,,,,,,,,,,,,,,,,,,,,,,,,,,,,,,,0.087355319,0.174230922,0.260615159,0.519762001,1.036609166,1.895168284,4.123650336,7.385398957,13.6699831,21.29363827,26.82175435,33.48109487,56.48,64.82,65.61,70,68.82,75.09,78.39,83.56,85,85.37999855,87.47999842,89.8441,91.61,92.0003,94.77580063,94.62,94.89674176,
Georgia,GEO,Individuals using the Internet (% of population),IT.NET.USER.ZS,,,,,,,,,,,,,,,,,,,,,,,,,,,,,,,0,,,,,0.011836885,0.040065419,0.060930333,0.102830957,0.416343567,0.4847462985,0.9923444361,1.58787563,2.558816481,3.886221354,6.079457629,7.526876845,8.26,10.01,20.07,26.9,31.52,36.94,43.3,44,47.56975964,58.45928961,59.7055046,62.71790817,
Ghana,GHA,Individuals using the Internet (% of population),IT.NET.USER.ZS,,,,,,,,,,,,,,,,,,,,,,,,,,,,,,,0,,,,,0.000347918,0.005648763,0.027537542,0.032240443,0.104895466,0.1536152976,0.2000080603,0.8302840338,1.193057911,1.716797704,1.831197461,2.723175973,3.85,4.27,5.44,7.8,9,10.6,15,25.51773743,25,34.66600065,39,,
Gibraltar,GIB,Individuals using the Internet (% of population),IT.NET.USER.ZS,,,,,,,,,,,,,,,,,,,,,,,,,,,,,,,0,,,,,,,2.662907268,4.183794329,5.936978297,19.13163812,21.17110944,23.67023975,28.32577979,32.88608261,39.07013088,45.29864751,51.61,58,65.07,65,65,65.017,,,,94.44447158,,,
Guinea,GIN,Individuals using the Internet (% of population),IT.NET.USER.ZS,,,,,,,,,,,,,,,,,,,,,,,,,,,,,,,0,,,,0.000138318,0.000668589,0.001948942,0.003803109,0.006203369,0.060808919,0.09542492361,0.1755418685,0.4020227487,0.4509603708,0.5088193323,0.542254181,0.637492123,0.7800252791,0.92,0.94,1,2,3.1,4.5,6.4,8.2,9.8,18,,
"Gambia, The",GMB,Individuals using the Internet (% of population),IT.NET.USER.ZS,,,,,,,,,,,,,,,,,,,,,,,,,,,,,,,0,,,,,0.009217541,0.03550736,0.051311347,0.206094461,0.715827015,0.9217949191,1.336791166,1.796779883,2.436781193,3.308003478,3.799001139,5.237691158,6.205037419,6.88,7.63,9.2,10.8703,12.44922872,14,15.56,16.5,18.5,19.83645444,,
Guinea-Bissau,GNB,Individuals using the Internet (% of population),IT.NET.USER.ZS,,,,,,,,,,,,,,,,,,,,,,,,,,,,,,,0,,,,,,,0.016389063,0.024060421,0.117702448,0.2301031706,0.2995691447,1.022993234,1.354197478,1.808142203,1.901365316,2.057196705,2.206302237,2.354888711,2.303280592,2.45,2.672,2.893990621,3.1,3.32,3.540706917,3.761413832,3.930509152,,
Equatorial Guinea,GNQ,Individuals using the Internet (% of population),IT.NET.USER.ZS,,,,,,,,,,,,,,,,,,,,,,,,,,,,,,,0,,,,,,,0.041462292,0.094423774,0.097415945,0.1323546651,0.1652604229,0.3211979972,0.520524272,0.8439302846,1.149789671,1.279193596,1.557123059,1.82,2.13,6,11.5,13.94318219,16.4,18.86,21.31999999,23.77999997,26.23999996,,
Greece,GRC,Individuals using the Internet (% of population),IT.NET.USER.ZS,,,,,,,,,,,,,,,,,,,,,,,,,,,,,,,0,0.048788803,0.048291602,0.191062242,0.378174312,0.749616477,1.395360779,1.849634688,3.221821786,6.877292144,9.138837308,10.93502581,14.67,17.8,21.42,24,32.25,35.88,38.2,42.4,44.4,51.64999517,55.06999344,59.8663,63.21,66.835,69.08791547,70.54943345,72.9520942,
Grenada,GRD,Individuals using the Internet (% of population),IT.NET.USER.ZS,0,,,,,0,,,,,0,,,,,0,0,0,0,0,0,0,0,0,0,0,0,0,0,0,0,0,0,0,0,0,0.298032982,0.990883868,1.484854484,2.473166147,4.063907991,5.128103982,14.75884055,18.64518218,19.57062058,20.48780488,21.39599117,22.29,23.18,24.05,27,30,32,35,51.6,53.81,55.85640782,59.07173536,,
Greenland,GRL,Individuals using the Internet (% of population),IT.NET.USER.ZS,,,,,,,,,,,,,,,,,,,,,,,,,,,,,,,0,,,,0.064712121,0.053940342,1.796719191,7.954504682,14.65444717,21.60261331,31.74781123,35.46413689,44.15478903,54.53425983,56.09901476,57.7034045,59.36168727,61.07,62.82,62.83,63,64,64.8960101,65.8,66.7,67.60044348,68.50087368,69.48246178,,
Guatemala,GTM,Individuals using the Internet (% of population),IT.NET.USER.ZS,,,,,,,,,,,,,,,,,,,,,,,,,,,,,,,0,,,,,0.002998005,0.019534871,0.095476021,0.466590444,0.592652945,0.7123329045,1.738201782,3.39174627,4.548854908,5.1,5.7,6.5,7.3,8.3,9.3,10.5,12.3,16,19.7,23.4,28.80594156,34.50932609,65,,
Guam,GUM,Individuals using the Internet (% of population),IT.NET.USER.ZS,,,,,,,,,,,,,,,,,,,,,,,,,,,,,,,0,,,,0.34845391,0.659530909,1.356106888,2.344571647,4.50128419,8.497176323,16.11312704,25.38022753,31.19229426,33.71668179,36.16178784,38.55987756,43.851443,46.15047362,48.41870215,50.64202838,54.04,57.7,61.53415931,65.4,69.27,73.13999995,77.00999989,80.50546556,,
Guyana,GUY,Individuals using the Internet (% of population),IT.NET.USER.ZS,,,,,,,,,,,,,,,,,,,,,,,,,,,,,,,0,,,,,,0.065854115,0.131828033,0.26408811,3.966354735,6.611491566,13.2069865,,,,,,13.8,18.2,23.9,29.9,30,30.5,31,32,34,35.66,37.32583679,,
High income,HIC,Individuals using the Internet (% of population),IT.NET.USER.ZS,,,,,,,,,,,,,,,,,,,,,,,,,,,,,,,0.2603053112,0.4596143463,0.715642001,0.9946365764,1.984656897,3.637898009,6.628808816,10.46559023,15.72343768,22.72043078,30.47747354,36.54707645,44.96708252,49.68604322,54.86800037,58.55929264,61.27713141,66.67371167,68.79588846,70.04917818,72.14651373,72.70372808,75.38894162,76.75352277,78.406399,79.80054281,84.16797688,85.01577291,,
"Hong Kong SAR, China",HKG,Individuals using the Internet (% of population),IT.NET.USER.ZS,,,,,,,,,,,,,,,,,,,,,,,,,,,,,,,0,0.120955444,0.849527883,1.334568031,2.784198266,3.218635643,4.748838672,10.51875705,14.54597958,21.23068197,27.82776068,38.67140323,43.08238303,52.20004335,56.39988039,56.9,60.8,64.8,66.7,69.4,72,72.2,72.9,74.2,79.86627043,84.94835296,87.47941467,89.41594465,90.50739533,
Honduras,HND,Individuals using the Internet (% of population),IT.NET.USER.ZS,,,,,,,,,,,,,,,,,,,,,,,,,,,,,,,0,,,,,0.036775252,0.043711246,0.170996468,0.301247214,0.573575476,1.203855999,1.415281931,2.597402597,4.8,5.6,6.5,7.8,9.4,9.6,9.8,11.09,15.9,18.12,17.8,19.08,27.1,29.5,31.7,,
Heavily indebted poor countries (HIPC),HPC,Individuals using the Internet (% of population),IT.NET.USER.ZS,,,,,,,,,,,,,,,,,,,,,,,,,,,,,,,,,,,,,0.008777943111,0.02400630667,0.0439817306,0.1070096915,0.1740228515,0.2579601428,0.3959411584,0.6064329214,0.9168818625,1.214381552,1.558360149,2.429002955,2.513451663,3.12705313,4.731183375,5.338316552,6.608326674,8.070535463,10.40152571,14.64335529,15.3506985,19.35283859,,
Croatia,HRV,Individuals using the Internet (% of population),IT.NET.USER.ZS,,,,,,,,,,,,,,,,,,,,,,,,,,,,,,,0,,,0.097213389,0.268318997,0.51402859,0.858982368,1.729609312,3.273220279,4.405359119,6.644882544,11.55857318,17.76,22.75,30.91,33.14,37.98,41.44,44.24,50.58,56.55,57.78997899,61.93997315,66.7476,68.57,69.8031,72.69726967,67.09619204,75.29462599,
Haiti,HTI,Individuals using the Internet (% of population),IT.NET.USER.ZS,,,,,,,,,,,,,,,,,,,,,,,,,,,,,,,0,,,,,,0.007484253,,0.023999477,0.070658478,0.2312707146,0.3408323262,0.8934329883,1.647358346,5.401261908,6.376201635,6.796000481,7.2,7.6,8.1,8.37,9,9.8,10.6,11.4,12.1977,12.23260161,12.32610358,32.47362713,
Hungary,HUN,Individuals using the Internet (% of population),IT.NET.USER.ZS,,,,,,,,,,,,,,,,,,,,,,,,,,,,,,,0,0.00338263,0.048353421,0.193414395,0.483580975,0.677486054,0.969239536,1.942449872,3.894643278,5.857840749,6.999676351,14.5285543,16.67,21.63,27.74,38.97,47.06,53.3,61,62,65,68.01998789,70.57999815,72.6439,75.65319745,72.8347,79.25941213,76.75054712,76.07436064,
IBRD only,IBD,Individuals using the Internet (% of population),IT.NET.USER.ZS,,,,,,,,,,,,,,,,,,,,,,,,,,,,,,,,,,0.008097922587,0.01904400698,0.05122740133,0.110030237,0.2177968859,0.4924765359,0.9665050756,1.866637711,2.684696604,4.48906319,5.765779492,7.375192667,8.681531935,10.51634479,13.73614074,16.95387006,20.29754393,24.82871657,28.31736277,32.10113922,35.16657976,38.86349743,40.02224684,43.91361957,50.16518953,,
IDA & IBRD total,IBT,Individuals using the Internet (% of population),IT.NET.USER.ZS,,,,,,,,,,,,,,,,,,,,,,,,,,,,,,,,,,,0.01846893352,0.04601803958,0.09310318263,0.1793119114,0.4020132569,0.7815042968,1.561297671,2.190866779,3.670808641,4.784328111,6.124623969,7.245527742,8.870510447,11.45878308,14.10094758,16.83444898,20.57022234,23.40483921,26.58998277,29.27595272,32.72050431,34.69139606,37.5202087,43.32328727,,
IDA total,IDA,Individuals using the Internet (% of population),IT.NET.USER.ZS,,,,,,,,,,,,,,,,,,,,,,,,,,,,,,,,,,,,,0.005965738618,0.01851552041,0.03626198889,0.07941823038,0.1692099818,0.3885293941,0.7228496105,1.291259164,1.720264094,2.234326972,2.95725478,3.759843438,4.268120032,5.051245976,6.500874204,7.516377427,9.006529484,10.81614504,13.71790429,18.4100261,18.24760825,22.99643031,,
IDA blend,IDB,Individuals using the Internet (% of population),IT.NET.USER.ZS,,,,,,,,,,,,,,,,,,,,,,,,,,,,,,,,,,,,,0.007256883319,0.02610288974,0.0466484013,0.08576633289,,0.7333914411,1.446053995,2.782236567,3.591004726,4.548066929,5.617488744,6.385892314,7.133052253,8.122496055,9.559415299,11.22719292,13.17006184,15.38216157,17.72573165,24.60294577,20.80293408,28.36006446,,
Indonesia,IDN,Individuals using the Internet (% of population),IT.NET.USER.ZS,,,,,,,,,,,,,,,,,,,,,,,,,,,,,,,0,,,,0.001059744,0.026109477,0.056623989,0.194910264,0.255306646,0.444415936,0.9255638645,2.018613859,2.134135733,2.38701978,2.600285876,3.602024763,4.764813134,5.786274729,7.917479385,6.92,10.92,12.28,14.52,14.94,17.14,21.97606771,25.4473537,32.2924419,39.90463865,
IDA only,IDX,Individuals using the Internet (% of population),IT.NET.USER.ZS,,,,,,,,,,,,,,,,,,,,,,,,,,,,,,,,,,,,,,0.01403988659,0.03032509799,0.0760763534,0.1408867299,0.2125103572,0.3530105271,0.5340469123,0.7713086654,1.053922572,1.514952868,2.423512044,2.735738053,3.406963138,4.903119472,5.601300965,6.854645784,8.478108464,11.66318157,15.23222663,16.93567254,20.24685254,,
Isle of Man,IMN,Individuals using the Internet (% of population),IT.NET.USER.ZS,,,,,,,,,,,,,,,,,,,,,,,,,,,,,,,,,,,,,,,,,,,,,,,,,,,,,,,,,,,,
India,IND,Individuals using the Internet (% of population),IT.NET.USER.ZS,,,,,,,,,,,,,,,,,,,,,,,,,,,,,,,0,,0.000111308,0.000218176,0.001069562,0.026228879,0.046333977,0.070767849,0.139027329,0.273224277,0.5275324499,0.660146377,1.537875582,1.686489971,1.976136492,2.388075,2.805499865,3.95,4.38,5.12,7.5,10.07,12.58006091,15.1,21,17,22,34.45,,
Not classified,INX,Individuals using the Internet (% of population),IT.NET.USER.ZS,,,,,,,,,,,,,,,,,,,,,,,,,,,,,,,,,,,,,,,,,,,,,,,,,,,,,,,,,,,,
Ireland,IRL,Individuals using the Internet (% of population),IT.NET.USER.ZS,,,,,,,,,,,,,,,,,,,,,,,,,,,,,,,0,0.056796044,0.169686377,0.281141005,0.558377222,1.108386328,2.199301832,4.08825507,8.096010043,10.93380859,17.85046724,23.13881219,25.85,34.31,36.99,41.61,54.82,61.15832455,65.34,67.38,69.85,74.88997297,76.91999254,78.2477,83.49172234,83.49479167,85.01113212,84.11400706,84.52230206,
"Iran, Islamic Rep.",IRN,Individuals using the Internet (% of population),IT.NET.USER.ZS,,,,,,,,,,,,,,,,,,,,,,,,,,,,,,,0,,,,0.000408332,0.004179752,0.01582608,0.046756094,0.099815221,0.378569095,0.93419002,1.484221332,4.626175115,6.933721953,7.49,8.1,8.76,9.47,12.02,13.8,15.9,19,22.73,29.95,39.35,45.33497588,53.22677167,64.04397362,70.00455222,
Iraq,IRQ,Individuals using the Internet (% of population),IT.NET.USER.ZS,,,,,,,,,,,,,,,,,,,,,,,,,,,,,,,0,,,,,,,,,,,0.1,0.5,0.6,0.9,0.9,0.9523442438,0.93,1,1.06,2.5,5,7.1,9.2,13.21,58,21.23,49.35999889,75.00000131,
Iceland,ISL,Individuals using the Internet (% of population),IT.NET.USER.ZS,,,,,,,,,,,,,,,,,,,,,,,,,,,,,,,0,0.505129002,1.53916008,2.667825265,6.794811784,11.2158757,14.80647932,27.47886875,36.2642065,41.29456671,44.47053382,49.39299537,79.12,83.14,83.88,87,89.51,90.6,91,93,93.39,94.8196868,96.20979955,96.5468,98.16,98.2,98.2400163,98.26,99.01095399,
Israel,ISR,Individuals using the Internet (% of population),IT.NET.USER.ZS,,,,,,,,,,,,,,,,,,,,,,,,,,,,,,,0.110773866,0.2146241,0.310579197,0.398833333,0.57696646,0.93042297,2.1683676,4.399405482,10.30706995,13.43612191,20.87379,17.37862386,17.76459906,19.59339366,22.77048553,25.19404242,27.88107446,48.12806219,59.39,63.12,67.5,68.87387799,70.8,70.25031195,75.01775316,77.35208966,79.65312418,81.58118359,83.73313906,
Italy,ITA,Individuals using the Internet (% of population),IT.NET.USER.ZS,,,,,,,,,,,,,,,,,,,,,,,,,,,,,,,0.017544562,0.035063256,0.070053433,0.122462053,0.192304619,0.524412787,1.023289903,2.276737834,4.558519565,14.37841019,23.11087424,27.22211698,28.04,29.04,33.24,35,37.99,40.79,44.53,48.83,53.68,54.3899983,55.82999799,58.4593,55.63846022,58.14173496,61.32425277,63.077347,74.38718292,
Jamaica,JAM,Individuals using the Internet (% of population),IT.NET.USER.ZS,,,,,,,,,,,,,,,,,,,,,,,,,,,,,,,0,,,,0.036817104,0.109487986,0.591145842,0.797797441,1.978726318,2.355688556,3.115778027,3.863020387,6.1,7.8,10,12.8,16.4,21.1,23.6,24.3,27.67,37.43861341,33.79,37.1,40.4027351,42.22122119,44.36685637,55.07206705,,
Jordan,JOR,Individuals using the Internet (% of population),IT.NET.USER.ZS,,,,,,,,,,,,,,,,,,,,,,,,,,,,,,,0,,,,,0.02323392,0.044938549,0.599341106,1.305888264,2.526965353,2.623275422,4.705719581,6.025532412,8.466005016,11.65874137,12.93285205,13.86710879,20,23,26,27.2,34.9,37,41.4,46.2,60.11438269,62.30219257,66.79031443,,
Japan,JPN,Individuals using the Internet (% of population),IT.NET.USER.ZS,,,,,,,,,,,,,,,,,,,,,,,,,,,,,,,0.020293683,0.040438041,0.096678025,0.401277526,0.799684291,1.594363148,4.372981968,9.16307714,13.41404088,21.39129031,29.99074036,38.53206086,46.59420112,48.43526589,62.39392963,66.9210661,68.68527032,74.3,75.4,78,78.21,79.05411352,79.4964,88.21942891,89.10683302,91.05802839,93.18272128,84.58806583,91.28160849,
Kazakhstan,KAZ,Individuals using the Internet (% of population),IT.NET.USER.ZS,,,,,,,,,,,,,,,,,,,,,,,,,,,,,,,0,,,,0.000521079,0.011302355,0.031824512,0.064596754,0.131069604,0.464277218,0.6685944026,1.006124211,1.674770995,2.000414753,2.650394657,2.961707492,3.268369051,4.02,11,18.2,31.6,50.6,61.90662747,63.30422443,66,70.8299336,74.58772647,76.42674823,78.90391906,
Kenya,KEN,Individuals using the Internet (% of population),IT.NET.USER.ZS,,,,,,,,,,,,,,,,,,,,,,,,,,,,,,,0,,,,,0.000727482,0.008839115,0.034406051,0.050261388,0.114256028,0.3180597136,0.6197822662,1.207773885,2.941902861,3.023528042,3.101897702,3.6,4.4,5.2,6.1,7.2,8.8,10.5,13,16.5,16.58785485,16.6,17.82710021,,
Kyrgyz Republic,KGZ,Individuals using the Internet (% of population),IT.NET.USER.ZS,,,,,,,,,,,,,,,,,,,,,,,,,,,,,,,0,,,,,,,,0.072808334,0.20471135,1.041401145,3.002941327,2.99926518,3.908766268,5.090385307,10.53380134,12.306907,14.03,15.7,16,16.3,17.5,19.8,23,28.3,30.24704278,37,38,,
Cambodia,KHM,Individuals using the Internet (% of population),IT.NET.USER.ZS,,,,,,,,,,,,,,,,,,,,,,,,,,,,,,,0,,,,,,,0.005844911,0.016324986,0.031969578,0.04702264007,0.07695605555,0.2269832377,0.2605701976,0.3004366444,0.3173217811,0.4683567201,0.49,0.51,0.53,1.26,3.1,4.94,6.8,14,6.43319107,32.39845171,32.44694856,40,
Kiribati,KIR,Individuals using the Internet (% of population),IT.NET.USER.ZS,,,,,,,,,,,,,,,,,,,,,,,,,,,,,,,0,,,,,,,,0.616545618,1.211577838,1.785225474,2.337458948,2.5,3,3.5,4,4.5,6,7,8.97,9.07,10,10.74679768,11.5,12.25,12.99748389,13.7,14.58181818,,
St. Kitts and Nevis,KNA,Individuals using the Internet (% of population),IT.NET.USER.ZS,,,,,,,,,,,,,,,,,,,,,,,,,,,,,,,0,,,,,,1.945569823,2.258559942,3.343810607,4.400440044,5.86281024,7.714726556,21.15238176,22.96978429,24.73767754,34,38.5,43.5,49.2,55.7,63,63.2,64,64.6,68,75.7,76.81767491,80.71019081,,
"Korea, Rep.",KOR,Individuals using the Internet (% of population),IT.NET.USER.ZS,,,,,,,,,,,,,,,,,,,,,,,,,,,,,,,0.023265092,0.046124435,0.098404337,0.249946523,0.311359364,0.81968667,1.624237192,3.600801564,6.781815468,23.55219445,44.7,56.6,59.4,65.5,72.7,73.5,78.1,78.8,81,81.6,83.7,83.75912015,84.07,84.77,87.55682649,89.9,92.84302568,95.06942188,96.02285958,
Kuwait,KWT,Individuals using the Internet (% of population),IT.NET.USER.ZS,,,,,,,,,,,,,,,,,,,,,,,,,,,,,,,0,,,0.091082245,0.147162703,0.202898433,0.855662317,2.174535859,3.052397455,4.756222209,6.731395768,8.551792434,10.24896793,22.40293838,22.92711204,25.92610837,28.79119795,34.8,42,50.8,61.4,65.76907069,70.45,75.46,78.7,72,78.36738376,100,99.59884959,
Latin America & Caribbean (excluding high income),LAC,Individuals using the Internet (% of population),IT.NET.USER.ZS,,,,,,,,,,,,,,,,,,,,,,,,,,,,,,,,,0.01263692028,0.02807186395,0.04692291012,0.09893758825,0.2847220996,0.5657214126,1.147998806,1.884485194,3.361207508,5.055212958,8.307617267,10.67959169,13.86144212,16.06906488,20.21599866,23.20835123,25.93090867,30.47105626,34.15003527,38.71842417,42.51234404,45.60772222,48.09442071,53.79044041,56.38747414,62.53342964,65.73945325,
Lao PDR,LAO,Individuals using the Internet (% of population),IT.NET.USER.ZS,,,,,,,,,,,,,,,,,,,,,,,,,,,,,,,0,,,,,,,,0.009657814,0.037780708,0.1110440323,0.1816644607,0.2678992413,0.3339124664,0.3614344903,0.8503574903,1.169893428,1.64,3.55,6,7,9,10.74767619,12.5,14.26,18.2,21.87,25.51043508,,
Lebanon,LBN,Individuals using the Internet (% of population),IT.NET.USER.ZS,,,,,,,,,,,,,,,,,,,,,,,,,,,,,,,0,,,,,0.071617991,0.140166939,1.241079739,2.722352199,5.376809498,7.952743736,6.783219775,7,8,9,10.14,15,18.74,22.53,30.14,43.68,52,61.24978572,70.5,73,74,76.11,78.18077489,,
Liberia,LBR,Individuals using the Internet (% of population),IT.NET.USER.ZS,,,,,,,,,,,,,,,,,,,,,,,,,,,,,,,0,,,,,,,0.004489443,0.004099387,0.011328732,0.01770270572,0.03381222718,0.03271330712,0.03186893455,0.0310111848,,,0.5513765806,0.53,2,2.3,2.5,2.6,3.2,5.41,33,7.319106411,7.984479722,,
Libya,LBY,Individuals using the Internet (% of population),IT.NET.USER.ZS,,,,,,,,,,,,,,,,,,,,,,,,,,,,,,,0,,,,,,,,,0.133617289,0.1870426223,0.3665331753,2.244418222,2.814517987,3.532838162,3.917787977,4.301051789,4.721999379,9,10.8,14,14,,16.5,17.76,19.01607978,20.27215956,21.75892062,,
St. Lucia,LCA,Individuals using the Internet (% of population),IT.NET.USER.ZS,,,,,,,,,,,,,,,,,,,,,,,,,,,,,,,0,,,,,0.305656686,0.670465974,0.992168483,1.304988973,1.932105802,5.090483341,8.181863954,14.64183577,20.98247346,21.39521236,21.56758295,24.5,27.9,30,31,32.5,34,34.82,36,39.7,42.53093047,46.72907806,50.81524478,,
Latin America & Caribbean,LCN,Individuals using the Internet (% of population),IT.NET.USER.ZS,,,,,,,,,,,,,,,,,,,,,,,,,,,,,,,,,0.01365185462,0.02992286768,0.05009500292,0.1099781067,0.3095515354,0.6089146429,1.228739337,2.051779962,3.884455404,5.630923323,8.852550716,11.26550713,14.39803213,16.61605681,20.75337817,23.71184669,26.5140438,31.03929555,34.70214119,39.33849068,43.16289336,46.23733364,48.6070157,54.61614048,57.35461427,63.21822511,65.80628544,
Least developed countries: UN classification,LDC,Individuals using the Internet (% of population),IT.NET.USER.ZS,,,,,,,,,,,,,,,,,,,,,,,,,,,,,,,,,,,,,,0.008576719793,0.02124443206,0.05772232719,0.09969040574,0.1448338769,0.2367581818,0.3566287325,0.5568623473,0.7883169197,1.118495205,1.923960869,2.109564453,2.686281501,4.120303499,4.748530368,6.013219184,7.485803065,10.71200196,13.70016166,15.06093524,18.24969882,,
Low income,LIC,Individuals using the Internet (% of population),IT.NET.USER.ZS,,,,,,,,,,,,,,,,,,,,,,,,,,,,,,,,,,,,,0.002255276535,0.01141109988,0.02637588482,0.06452778301,0.09788699783,0.1378741912,0.2928275616,0.4569456498,0.6741555242,0.9527288992,1.291316228,1.79732213,2.452062208,3.163519496,4.201455792,4.679451375,5.656771531,6.965234525,8.559980003,12.19813807,13.08290863,16.43866608,,
Liechtenstein,LIE,Individuals using the Internet (% of population),IT.NET.USER.ZS,,,,,,,,,,,,,,,,,,,,,,,,,,,,,,,0,,,,,,,,,,36.51522989,45.11685265,59.47071067,58.80969184,64.00744814,63.37135615,64.21416136,65.08021844,70,75,80,85,89.4077,93.8,95.21,96.6411951,98.09390389,98.1,,
Sri Lanka,LKA,Individuals using the Internet (% of population),IT.NET.USER.ZS,,,,,,,,,,,,,,,,,,,,,,,,,,,,,,,0,,,,0.002765448,0.005484436,0.054464499,0.162464548,0.296351104,0.348414425,0.6474100109,0.7938218644,1.050422706,1.458580228,1.44615998,1.792046794,2.537566129,3.88,5.8,8.78,12,15,18.2854,21.9,25.8,12.1,16.4,34.1133479,,
Lower middle income,LMC,Individuals using the Internet (% of population),IT.NET.USER.ZS,,,,,,,,,,,,,,,,,,,,,,,,,,,,,,,,,,,0.002100799441,0.02270808894,0.03929654689,0.07348305373,0.1569014436,0.2770948312,0.5610307762,0.8748677455,1.597423231,2.101748305,2.925824024,3.680753662,4.570210357,5.755532918,6.757488392,7.775110165,10.70558277,12.90363024,15.41742596,18.03500236,22.55937568,22.61073507,26.0708924,34.71607381,,
Low & middle income,LMY,Individuals using the Internet (% of population),IT.NET.USER.ZS,,,,,,,,,,,,,,,,,,,,,,,,,,,,,,,,,,,0.01362517321,0.03820036243,0.07835086973,0.1556917928,0.356735034,0.7173803671,1.441763475,2.048739203,3.444347659,4.522716341,5.808331475,6.891420078,8.466456325,11.03838262,13.65158368,16.34811816,20.07453907,22.90642808,26.10844016,28.92744052,32.37644148,34.32465489,37.1359991,43.00694757,,
Lesotho,LSO,Individuals using the Internet (% of population),IT.NET.USER.ZS,,,,,,,,,,,,,,,,,,,,,,,,,,,,,,,0,,,,,,0.00284594,0.005584433,0.010956533,0.05380446,0.2118060704,0.2611500631,1.083943137,1.53249659,2.175524339,2.580245484,2.979708187,3.44543126,3.58,3.72,3.86,7,10,15,22,25,27.36,29,,
Late-demographic dividend,LTE,Individuals using the Internet (% of population),IT.NET.USER.ZS,,,,,,,,,,,,,,,,,,,,,,,,,,,,,,,,,,0.009949912181,0.02771700577,0.05933768865,0.1403484484,0.2692190869,0.6289849909,1.266272306,2.469392316,3.557471782,5.909326953,8.0214304,10.36221139,12.27606427,15.12277211,19.96705779,25.19701138,30.60002452,36.03734308,40.05044388,44.71076176,48.37195018,50.91672103,53.37642992,56.75187195,59.24282466,,
Lithuania,LTU,Individuals using the Internet (% of population),IT.NET.USER.ZS,,,,,,,,,,,,,,,,,,,,,,,,,,,,,,,0,,,,,,0.277421291,0.978422157,1.972063745,2.9230547,6.427067495,7.179356994,17.69,25.91,31.23,36.22,43.9,49.9,55.22,59.76,62.12,63.6399774,67.22998933,68.4529,72.13,71.378,74.37664556,77.61525651,79.72258277,
Luxembourg,LUX,Individuals using the Internet (% of population),IT.NET.USER.ZS,,,,,,,,,,,,,,,,,,,,,,,,,,,,,,,0,,0.153198791,0.302155121,0.496486119,1.590941911,5.551653306,7.142704085,11.74555372,17.3879578,22.88732797,36.16342251,39.84,54.55,65.88,70,72.51,78.92,82.23,87.31,90.62,90.02985856,91.94992374,93.7765,94.67,96.38,98.13669867,97.36296032,97.06129871,
Latvia,LVA,Individuals using the Internet (% of population),IT.NET.USER.ZS,,,,,,,,,,,,,,,,,,,,,,,,,,,,,,,0,,,,,,0.812717072,2.053454712,3.315267886,4.387409055,6.319062083,7.219345808,21.94,26.98,38.58,46,53.63,59.17,63.41,66.84,68.42,69.74995456,73.11994377,75.2344,75.83,79.2006,79.84209778,80.114077,83.57717486,
"Macao SAR, China",MAC,Individuals using the Internet (% of population),IT.NET.USER.ZS,,,,,,,,,,,,,,,,,,,,,,,,,,,,,,,0,,,,0.036993376,0.280014086,0.727273598,2.364127672,7.003324245,9.212005085,13.60858974,22.52121677,25.17188016,25.74212398,31.48409738,34.86292717,46.4,47.327,49.24,54,55.198,60.20369672,61.31,65.8,69.78,77.60013186,81.64298546,83.17408907,83.79408961,
St. Martin (French part),MAF,Individuals using the Internet (% of population),IT.NET.USER.ZS,,,,,,,,,,,,,,,,,,,,,,,,,,,,,,,,,,,,,,,,,,,,,,,,,,,,,,,,,,,,
Morocco,MAR,Individuals using the Internet (% of population),IT.NET.USER.ZS,,,,,,,,,,,,,,,,,,,,,,,,,,,,,,,0,,,,,0.003710492,0.005675444,0.021635203,0.142300767,0.175595345,0.6937912448,1.371438101,2.373253192,3.353366681,11.60793477,15.08444452,19.77119157,21.5,33.1,41.3,52,46.1074826,55.41605319,56,56.8,57.08,58.27123642,61.76221201,64.80386519,
Monaco,MCO,Individuals using the Internet (% of population),IT.NET.USER.ZS,,,,,,,,,,,,,,,,,,,,,,,,,,,,,,,0,,,,,,,,,,42.18486345,46.64614236,48.04711717,49.49116892,52.49019668,55.46482606,61.47603971,64.3776824,67.25,70.1,75,80.3,87,90.7,92.4,93.36330202,95.20817797,97.05297684,,
Moldova,MDA,Individuals using the Internet (% of population),IT.NET.USER.ZS,,,,,,,,,,,,,,,,,,,,,,,,,,,,,,,0,,,,0.000825391,0.003457217,0.004643901,0.028128808,0.260818206,0.600695269,1.282846417,1.487812952,3.787242799,7.407544584,10.62939084,14.63027046,19.62064771,20.45,23.39,27.5,32.3,38,43.37,60,67,69,70.99999911,76.12451989,,
Madagascar,MDG,Individuals using the Internet (% of population),IT.NET.USER.ZS,,,,,,,,,,,,,,,,,,,,,,,,,,,,,,,0,,,,,,0.003695196,0.014333647,0.062561023,0.168608781,0.196394691,0.2225115862,0.3397201546,0.4232524193,0.5253536549,0.5677218022,0.6075522389,0.65,1.65,1.63,1.7,1.9,2.3,3,3.7,4.17397219,4.713662899,9.8,,
Maldives,MDV,Individuals using the Internet (% of population),IT.NET.USER.ZS,0,,,,,0,,,,,0,,,,,0,0,0,0,0,0,0,0,0,0,0,0,0,0,0,0,0,0,0,0,0,0.22693009,0.309444238,0.569627464,1.119908615,2.203872939,3.617290649,5.347765169,5.97659285,6.588254875,6.869605067,11.03635278,16.3,23.2,24.8,26.53,34,38.9301,44.1,49.28,54.46195515,59.09258997,63.18566588,,
Middle East & North Africa,MEA,Individuals using the Internet (% of population),IT.NET.USER.ZS,,,,,,,,,,,,,,,,,,,,,,,,,,,,,,,0.001938977955,,,,,0.03687826679,0.08389679477,0.2292566572,0.4900501348,0.9281253514,1.707568049,2.098148052,3.780263065,5.156982886,8.431721542,9.841716262,11.88290653,15.12908337,18.83848775,21.73891308,25.03272652,28.00577631,31.80112808,35.5087289,40.4000183,47.92010731,48.49469226,56.21576388,65.14497205,
Mexico,MEX,Individuals using the Internet (% of population),IT.NET.USER.ZS,,,,,,,,,,,,,,,,,,,,,,,,,,,,,,,0,0.005880695,0.01730781,0.028305042,0.043339167,0.10256419,0.20040628,0.62731154,1.265783278,1.857436221,5.081384153,7.038023117,11.9,12.9,14.1,17.21,19.52,20.81,21.71,26.34,31.05,37.17629541,39.75,43.46,44.39,57.43104299,59.540446,63.85224909,65.77263448,
Marshall Islands,MHL,Individuals using the Internet (% of population),IT.NET.USER.ZS,,,,,,,,,,,,,,,,,,,,,,,,,,,,,,,0,0,0,0,0,0,0.037059432,,,0.966071567,1.534271796,1.706614078,2.335444575,2.569750367,3.599776814,3.878702398,3.795590214,3.95,4.6,5.6,7,10,12.5,14,16.8,19.2824418,29.78777936,38.70116262,,
Middle income,MIC,Individuals using the Internet (% of population),IT.NET.USER.ZS,,,,,,,,,,,,,,,,,,,,,,,,,,,,,,,,,,0.006055862479,0.01385304673,0.03962155494,0.08426694781,0.1678508227,0.3854854589,0.7751095443,1.567271245,2.230156776,3.74799419,4.920060597,6.316757257,7.48357986,9.18431306,11.99810527,14.84240369,17.77110072,21.76418408,24.91554285,28.39474425,31.35197286,35.04340406,36.83830561,39.90992924,46.11802647,,
North Macedonia,MKD,Individuals using the Internet (% of population),IT.NET.USER.ZS,,,,,,,,,,,,,,,,,,,,,,,,,,,,,,,0,,,,,0.04074384,0.075995734,0.503985009,1.002861666,1.49733026,2.485566316,3.468184608,17.33,19.07,24.44,26.45,28.62,36.3,46.04,51.77,51.9,56.7,57.44994731,65.24,68.06,70.3802,72.15681447,74.51682418,79.16775519,
Mali,MLI,Individuals using the Internet (% of population),IT.NET.USER.ZS,,,,,,,,,,,,,,,,,,,,,,,,,,,,,,,0,,,,,,0.002055228,0.010085919,0.019793888,0.060909873,0.142545755,0.1858974133,0.2270455785,0.3103644432,0.4328196399,0.507063136,0.7296272808,0.81,1.57,1.8,2,2.2,2.8,3.5,7,10.33,11.11218649,13,,
Malta,MLT,Individuals using the Internet (% of population),IT.NET.USER.ZS,,,,,,,,,,,,,,,,,,,,,,,,,,,,,,,0,,,,,0.224995699,1.051527475,3.920605132,6.500783995,7.759798038,13.11370871,17.87784832,28.92,31.64,34.62,41.24,40.41,46.9,50.08,58.86,63,68.01982379,68.19987429,68.9138,73.17,75.96,78.0751488,81.01191108,81.65804549,
Myanmar,MMR,Individuals using the Internet (% of population),IT.NET.USER.ZS,,,,,,,,,,,,,,,,,,,,,,,,,,,,,,,0,,,,,,,,,0.000151709,,0.0002892773808,0.0004264935064,0.02406414914,0.024337392,0.0652388555,0.1820483311,0.2171284451,0.22,0.22,0.25,0.98,4,8,11.52,21.72583401,25.07330424,30.67818311,,
Middle East & North Africa (excluding high income),MNA,Individuals using the Internet (% of population),IT.NET.USER.ZS,,,,,,,,,,,,,,,,,,,,,,,,,,,,,,,,,,,0.002841634236,0.01337290952,0.02642987873,0.07811399206,0.1661680073,0.4312330493,0.8611654235,1.158867418,2.833644233,4.070636315,7.497286565,8.624792927,10.01169524,11.97921383,15.12677971,17.86957336,20.84902874,23.1344719,26.40445919,29.92718801,34.94454097,43.22792292,43.21821218,51.16230289,59.64250083,
Montenegro,MNE,Individuals using the Internet (% of population),IT.NET.USER.ZS,,,,,,,,,,,,,,,,,,,,,,,,,,,,,,,,,,,,,,,,,,,,,25.3500686,27.1,28.9,30.8,32.9,35.1,37.5,35.61154125,56.83878255,60.31,61,68.11958104,69.88164684,71.27233254,71.51712879,
Mongolia,MNG,Individuals using the Internet (% of population),IT.NET.USER.ZS,,,,,,,,,,,,,,,,,,,,,,,,,,,,,,,0,,,,,0.008811225,0.018160749,0.112742554,0.145810542,0.50847156,1.255652004,1.653238239,2.039572603,,,,,9,9.8,10,10.2,12.49999111,16.4,17.69998424,19.94244743,22.50000413,22.2657705,23.71426517,47.1609402,
Northern Mariana Islands,MNP,Individuals using the Internet (% of population),IT.NET.USER.ZS,,,,,,,,,,,,,,,,,,,,,,,,,,,,,,,0,,,,,,,,,,,,,,,,,,,,,,,,,,,,,
Mozambique,MOZ,Individuals using the Internet (% of population),IT.NET.USER.ZS,,,,,,,,,,,,,,,,,,,,,,,,,,,,,,,0,,,,,,0.003042979,0.011842611,0.020197055,0.056250629,0.10959253,0.1600319466,0.2596126113,0.4195388439,0.6794478354,0.8543571181,0.842954488,0.91,1.56,2.68,4.17,4.3,6,7.29393733,9.236314896,16.93353299,17.52123909,10,,
Mauritania,MRT,Individuals using the Internet (% of population),IT.NET.USER.ZS,,,,,,,,,,,,,,,,,,,,,,,,,,,,,,,0,,,,,,,0.004172527,0.040594795,0.118464464,0.1920314624,0.261448552,0.3632294146,0.4240048958,0.4814704382,0.6699664749,0.9796612527,1.433613196,1.87,2.28,4,4.5,5,6.2,10.7,15.19912669,18,20.80096366,,
Mauritius,MUS,Individuals using the Internet (% of population),IT.NET.USER.ZS,,,,,,,,,,,,,,,,,,,,,,,,,,,,,,,0,,,,,,0.183769158,0.475629193,2.565279962,4.652213227,7.281535115,8.780904019,10.25262467,12.1871062,13.68908859,15.17222875,16.7,20.22,21.81,22.51,28.33,34.95,35.42,40.11682514,44.80327537,50.13931848,52.19132594,55.4032403,58.5961697,
Malawi,MWI,Individuals using the Internet (% of population),IT.NET.USER.ZS,,,,,,,,,,,,,,,,,,,,,,,,,,,,,,,0,,,,,,,0.004668518,0.018057365,0.087278755,0.1267809448,0.1640207253,0.2150947265,0.2788151163,0.347505335,0.3844893341,0.4251374896,0.9658647366,0.7,1.07,2.26,3.33,4.3506,5.05,5.83,5.3,11.47,13.78216439,,
Malaysia,MYS,Individuals using the Internet (% of population),IT.NET.USER.ZS,,,,,,,,,,,,,,,,,,,,,,,,,,,,,,,0,,0.001047822,0.025538478,0.099607417,0.145673837,0.852044466,2.307393234,6.751770483,12.3055022,21.38473116,26.6959725,32.33820434,34.97115234,42.25226563,48.62917025,51.63798899,55.7,55.8,55.9,56.3,61,65.8,57.05751226,63.66542588,71.06406781,78.78830993,80.14047901,81.20104862,
North America,NAC,Individuals using the Internet (% of population),IT.NET.USER.ZS,,,,,,,,,,,,,,,,,,,,,,,,,,,,,,,0.7428356113,1.104655998,1.64422227,2.163943027,4.616500688,8.733954078,15.46402671,20.97143376,29.58262132,35.88271056,43.88416408,50.16862877,59.0588592,61.94128971,64.87501215,68.33044035,69.27302619,74.82218998,74.2688087,71.9250964,72.54899829,71.05695843,75.53352977,72.84930272,74.42523105,76.11729383,86.11499711,87.64705022,,
Namibia,NAM,Individuals using the Internet (% of population),IT.NET.USER.ZS,,,,,,,,,,,,,,,,,,,,,,,,,,,,,,,0,,,,,0.006172051,0.009032145,0.058750679,0.286745093,0.336217708,1.644739547,2.416979442,2.633699769,3.359839886,3.804715615,4.010046644,4.398870647,4.835610778,5.329003772,6.5,11.6,12,12.9414,13.9,14.84,25.68785182,31.03334594,51,,
New Caledonia,NCL,Individuals using the Internet (% of population),IT.NET.USER.ZS,,,,,,,,,,,,,,,,,,,,,,,,,,,,,,,0,,,,,0.005179013,0.252983946,0.989334969,1.936042825,5.688147323,13.93954882,18.23710978,22.38979742,26.40833447,30.29804621,32.35901475,33.51571468,35.05,34.51,33.99,42,50,58,66,70,74.00175279,,82.0058408,,
Niger,NER,Individuals using the Internet (% of population),IT.NET.USER.ZS,,,,,,,,,,,,,,,,,,,,,,,,,,,,,,,0,,,,,,0.001039305,0.002008766,0.002911503,0.028136022,0.03626129381,0.1051854314,0.1271524688,0.1556987037,0.1899337337,0.2213413515,0.2940339771,0.3903906198,0.7,0.76,0.83,0.9,1.05,1.15,1.248675689,2.476219975,4.32275803,10.22431156,5.250487687,
Nigeria,NGA,Individuals using the Internet (% of population),IT.NET.USER.ZS,,,,,,,,,,,,,,,,,,,,,,,,,,,,,,,0,,,,,,0.00883298,0.017237401,0.025231461,0.041038723,0.06408080795,0.08990137046,0.3204619755,0.5585762449,1.286137641,3.549155718,5.545036083,6.77,8,9.3,11.5,13.8,16.1,19.1,21,36,25.67,42,,
Nicaragua,NIC,Individuals using the Internet (% of population),IT.NET.USER.ZS,,,,,,,,,,,,,,,,,,,,,,,,,,,,,,,0,,,,0.013166228,0.030046478,0.084093291,0.206216818,0.303808975,0.497901643,0.9802164867,1.448799428,1.714729584,1.880412532,2.320664609,2.566351177,2.805573063,3.9,5.3,7.3,10,10.6,13.5,15.5,17.6,19.7042915,24.57183396,27.86304001,,
Netherlands,NLD,Individuals using the Internet (% of population),IT.NET.USER.ZS,,,,,,,,,,,,,,,,,,,,,,,,,,,,,,,0.334386942,0.531496128,1.320008028,1.967087737,3.257308831,6.47315766,9.649069145,14.0655114,22.24382769,39.17600725,43.98435137,49.37306211,61.29,64.35,68.52,81,83.7,85.82,87.42,89.63,90.72,91.41999576,92.85999236,93.9564,91.666666,91.72413793,90.4109589,93.19727891,94.71207372,
Norway,NOR,Individuals using the Internet (% of population),IT.NET.USER.ZS,,,,,,,,,,,,,,,,,,,,,,,,,,,,,,,0.707299448,1.407395158,2.216365832,2.783990846,4.152450292,6.423220493,18.25031077,20.41788144,22.56011255,40,52,64,72.84,78.13,77.69,81.99,82.55,86.93,90.57,92.08,93.39,93.48998265,94.64997805,95.0534,96.3,96.8103,97.29820367,96.3576013,96.49165799,
Nepal,NPL,Individuals using the Internet (% of population),IT.NET.USER.ZS,,,,,,,,,,,,,,,,,,,,,,,,,,,,,,0,0,0,0,0,0,0.000924878,0.004510473,0.021998858,0.064393596,0.146668869,0.2046516837,0.2400153034,0.3129560601,0.382810917,0.4498436512,0.8265512659,1.141389164,1.41,1.73,1.97,7.93,9,11.1493,13.3,15.44,17.58161801,19.68876384,34,,
Nauru,NRU,Individuals using the Internet (% of population),IT.NET.USER.ZS,,,,,,,,,,,,,,,,,,,,,,,,,,,,,,,0,,,,,,,,,,,2.987155233,,,,,,,,,,54,,,,,,57,,
New Zealand,NZL,Individuals using the Internet (% of population),IT.NET.USER.ZS,,,,,,,,,,,,,,,,,,,,,,,,,,,,,,,0,,0.285941241,0.631215367,3.168718848,4.88424078,8.041899368,14.6015244,31.63626081,41.49448266,47.37955654,53.24101529,59.08075328,60.96253987,61.84762781,62.72021237,69,69.76,72.03,79.7,80.46,81.23,81.64447018,82.78,85.5,88.22288882,88.47018635,90.81109307,,
OECD members,OED,Individuals using the Internet (% of population),IT.NET.USER.ZS,,,,,,,,,,,,,,,,,,,,,,,,,,,,,,,0.2439544193,0.4317361981,0.6656384413,0.8797443462,1.773298599,3.341753366,6.082676346,9.531348402,14.27593716,20.6380056,27.88431731,33.41791415,41.54371816,45.76732758,50.60192645,54.21706701,56.69603083,61.97467782,64.02949007,65.44939147,67.73676192,68.64220176,71.04856215,72.36135536,73.9774338,76.49308428,80.71077102,81.71490779,82.52485361,
Oman,OMN,Individuals using the Internet (% of population),IT.NET.USER.ZS,,,,,,,,,,,,,,,,,,,,,,,,,,,,,,,0,,,,,,0,0.439792805,0.862725306,2.515665987,3.520421417,5.893841521,6.873396039,7.255742945,6.75885217,6.68358142,8.299716673,16.68,20,26.8,35.8278,48,60,66.45,70.22,73.53,76.84539047,80.18563573,,
Other small states,OSS,Individuals using the Internet (% of population),IT.NET.USER.ZS,,,,,,,,,,,,,,,,,,,,,,,,,,,,,,,,,,,,,0.858818912,1.482171185,2.535043068,3.347823645,5.393983129,6.647522966,8.615005348,10.36950737,12.17982575,12.93820325,14.33376508,16.18848566,18.8306398,20.85525103,24.49098123,28.11025174,31.44283299,36.3468114,40.15299642,43.64495106,46.29104983,52.85005036,,
Pakistan,PAK,Individuals using the Internet (% of population),IT.NET.USER.ZS,,,,,,,,,,,,,,,,,,,,,,,,,,,,,,,0,,,,,0.000122702,0.00299173,0.027549238,0.043947719,0.055357238,,1.318550779,2.577426737,5.041158126,6.164320985,6.332329098,6.5,6.8,7,7.5,8,9,9.96,10.9,12,14,12.38544676,15.51,,
Panama,PAN,Individuals using the Internet (% of population),IT.NET.USER.ZS,,,,,,,,,,,,,,,,,,,,,,,,,,,,,,,0,,,,0.007636899,0.056123043,0.219998526,0.539065541,2.750648071,3.836864509,6.554796477,7.268399878,8.518077815,9.987424077,11.14086254,11.48400928,17.34956617,22.29,33.82,39.08,40.1,42.7,40.30189522,44.03,44.92,51.20542499,54,57.86509007,,
Peru,PER,Individuals using the Internet (% of population),IT.NET.USER.ZS,,,,,,,,,,,,,,,,,,,,,,,,,,,,,,,0,,,,0.008504578,0.033412305,0.24623258,0.403429701,1.19038044,1.952497608,3.076430611,7.578762957,8.96694917,11.6,14.1,17.1,20.7,25.2,30.57,31.4,34.77,36.01,38.2,39.2,40.2,40.85260091,45.46174069,48.72763146,52.54031017,
Philippines,PHL,Individuals using the Internet (% of population),IT.NET.USER.ZS,,,,,,,,,,,,,,,,,,,,,,,,,,,,,,,0,,,,0.005844253,0.028585702,0.055946029,0.136912963,1.103405994,1.431608803,1.982253196,2.52400566,4.332275746,4.857672267,5.243628452,5.397636329,5.740586325,5.97,6.22,9,25,29,36.2351,48.09902359,49.6,36,55.5,60.05476033,,
Palau,PLW,Individuals using the Internet (% of population),IT.NET.USER.ZS,,,,,,,,,,,,,,,,,,,,,,,,,,,,,,,0,,,,,,,,,,,,20.24393947,21.60152718,26.97033263,,,,,,,,,,,,,,,
Papua New Guinea,PNG,Individuals using the Internet (% of population),IT.NET.USER.ZS,,,,,,,,,,,,,,,,,,,,,,,,,,,,,,,0,,,,,,0.002067023,0.100588321,0.234958542,0.667113315,0.8352493024,0.9041035452,1.321656935,1.374404668,1.507912772,1.716190476,1.754487261,1.790559361,1.15,1.61,1.28,2,3.5,5.1,6.5,7.9,9.601538462,11.20919659,,
Poland,POL,Individuals using the Internet (% of population),IT.NET.USER.ZS,,,,,,,,,,,,,,,,,,,,,,,,,,,,,,,0,0.005229468,0.052127181,0.129961704,0.389098144,0.647752333,1.295200255,2.073465474,4.102272002,5.45644373,7.285428708,9.900669707,21.15,24.87,32.53,38.81,44.58,48.6,53.13,58.97,62.32,61.94999897,62.30999727,62.8492,66.6,67.997,73.3007041,75.98536595,77.54173454,
Pre-demographic dividend,PRE,Individuals using the Internet (% of population),IT.NET.USER.ZS,,,,,,,,,,,,,,,,,,,,,,,,,,,,,,,,,,,,,0.004833644356,0.01391982029,0.02852992798,0.07332029191,0.1232381838,0.1872891729,0.3635131333,0.6453081101,0.9881324855,1.718641232,2.461097172,3.311101939,3.670651517,4.373991995,6.119040116,7.097933212,8.58560482,10.32582418,12.76618172,20.26045923,16.5090307,24.06105508,,
Puerto Rico,PRI,Individuals using the Internet (% of population),IT.NET.USER.ZS,,,,,,,,,,,,,,,,,,,,,,,,,,,,,,,0,,,,0.027254662,0.135102783,0.268160428,1.331822159,2.647646679,5.265682651,10.47464821,15.63003092,17.54764757,19.70702566,22.13073823,23.40005045,25.44241821,27.86,38,41.5,45.3,48,68.9999826,68.99999,,63.47,68.6438072,70.59787359,,
"Korea, Dem. Peoples Rep.",PRK,Individuals using the Internet (% of population),IT.NET.USER.ZS,,,,,,,,,,,,,,,,,,,,,,,,,,,,,,,0,,,,,,,0,0,0,0,0,0,0,0,0,0,0,0,0,0,0,0,,,,,,,
Portugal,PRT,Individuals using the Internet (% of population),IT.NET.USER.ZS,,,,,,,,,,,,,,,,,,,,,,,,,,,,,,,0,0.10023057,0.250426501,0.450161608,0.718905754,1.494334529,2.98087767,4.953001955,9.870446442,14.74233784,16.43046769,18.08713656,19.37,29.67,31.78,34.99,38.01,42.09,44.13,48.27,53.3,55.24999688,60.33999749,62.0956,64.59,68.6329,70.42356709,73.79121395,74.66096811,
Paraguay,PRY,Individuals using the Internet (% of population),IT.NET.USER.ZS,,,,,,,,,,,,,,,,,,,,,,,,,,,,,,,0,,,,,,0.020359612,0.099576719,0.194904951,0.38165732,0.7476307115,1.098793836,1.794969598,2.111942082,3.452438431,7.907007861,7.962073884,11.21,14.27,18.9,19.8,24.76351588,29.34,36.9,43,49.72,53.40412748,61.07575622,64.99354302,
West Bank and Gaza,PSE,Individuals using the Internet (% of population),IT.NET.USER.ZS,,,,,,,,,,,,,,,,,,,,,,,,,,,,,,,0,,,,,,,,,,1.111306207,1.836854839,3.100092235,4.130616356,4.400904826,16.005,18.41,21.176,24.358,32.23,37.4,41.08,43.4,46.6,53.67,57.42419241,61.17838483,65.2,64.39999371,
Pacific island small states,PSS,Individuals using the Internet (% of population),IT.NET.USER.ZS,,,,,,,,,,,,,,,,,,,,,,,,,,,,,,,,,,,,0.02172402801,0.1311705817,0.285118105,0.6122546289,0.8707267899,1.458230705,1.861078446,3.993882208,4.544742158,5.169568764,5.576152832,6.489470513,7.389745784,8.689415784,10.86846695,12.96116496,17.59989793,20.61448471,21.86188607,24.51331421,27.63830274,30.23606451,32.70396341,,
Post-demographic dividend,PST,Individuals using the Internet (% of population),IT.NET.USER.ZS,,,,,,,,,,,,,,,,,,,,,,,,,,,,,,,0.270412072,0.4925555395,0.7726910852,1.005448098,2.003438234,3.732653316,6.796844749,10.64945937,15.87743176,22.90843392,30.55928755,36.66254817,44.70001923,49.78468143,54.97770062,58.50482513,60.4365352,65.68473503,67.681255,68.89431913,71.00784519,71.45271279,74.24816146,75.74608682,77.4032075,78.71888214,83.20461215,83.82075865,,
French Polynesia,PYF,Individuals using the Internet (% of population),IT.NET.USER.ZS,,,,,,,,,,,,,,,,,,,,,,,,,,,,,,,0,,,,,,0.090971944,0.21438525,1.316164696,3.448900232,6.357063545,6.251588946,8.200216486,14.12429379,17.88453743,21.54218547,25.10796425,28.59,33.87,44.6,49,49,52.87663059,56.8,60.68,64.56020975,68.44041949,72.70389531,,
Qatar,QAT,Individuals using the Internet (% of population),IT.NET.USER.ZS,,,,,,,,,,,,,,,,,,,,,,,,,,,,,,,0,,,,,0.190209535,0.930185833,3.083749186,3.52002985,4.070728915,4.863679179,6.170268561,10.22612893,19.24233642,20.70164785,24.73349378,28.97411271,37,44.3,53.1,69,69,69.3,85.3,91.49,92.88482645,95.12466217,97.38884917,99.65284913,
Romania,ROU,Individuals using the Internet (% of population),IT.NET.USER.ZS,,,,,,,,,,,,,,,,,,,,,,,,,,,,,,,0,,,0.003703214,0.026300162,0.074952756,0.221622649,0.445444676,2.237649473,2.697580217,3.613717291,4.538669029,6.58,8.9,15,21.5,24.66,28.3,32.42,36.6,39.93,40.00999678,45.87999425,49.7645,54.08,55.7632,59.50395129,63.74728218,70.68127793,
Russian Federation,RUS,Individuals using the Internet (% of population),IT.NET.USER.ZS,,,,,,,,,,,,,,,,,,,,,,,,,,,,,,,0,,0.000672532,0.013447238,0.053817493,0.148151042,0.26975293,0.472963763,0.812744451,1.018984614,1.977230109,2.944367787,4.128271818,8.298860616,12.8593889,15.2266732,18.02327746,24.66,26.83,29,43,49,63.8,67.97,70.52,70.1,73.09143462,76.00813853,80.86472142,
Rwanda,RWA,Individuals using the Internet (% of population),IT.NET.USER.ZS,,,,,,,,,,,,,,,,,,,,,,,,,,,,,,,0,,,,,,0.000883372,0.001625791,0.011763573,0.067176482,0.06283145951,0.2406724098,0.2927847188,0.3569184673,0.4308542434,0.5560411648,,2.115387178,4.5,7.7,8,7,8.023854277,9,10.6,18,20,21.76763262,,
South Asia,SAS,Individuals using the Internet (% of population),IT.NET.USER.ZS,,,,,,,,,,,,,,,,,,,,,,,,,,,,,,,,,0.0001088920375,0.0002134052189,0.001077598399,0.0225380587,0.04090352937,0.06039075578,0.1177143583,0.2276466296,0.4759285093,0.6645429703,1.466644468,1.846656777,2.190075374,2.555646457,2.992240408,3.983817302,4.426259689,5.166866096,7.219739697,9.410017029,11.53112865,13.76061886,19.05930188,16.22347302,20.23984948,30.09918405,,
Saudi Arabia,SAU,Individuals using the Internet (% of population),IT.NET.USER.ZS,,,,,,,,,,,,,,,,,,,,,,,,,,,,,,,0,,,,,0.010956134,0.026732651,0.052099031,0.101429893,0.49358534,2.210691809,4.681053166,6.38470502,8.001582891,10.234533,12.70503599,19.45955435,30,36,38,41,47.5,54,60.5,64.71365737,69.6162358,74.87927469,82.12000121,93.31000185,
Sudan,SDN,Individuals using the Internet (% of population),IT.NET.USER.ZS,,,,,,,,,,,,,,,,,,,,,,,,,,,,,,,0,,,,0,0,0,0.001231819,0.004805071,0.008794581,0.02578503248,0.1401852245,0.4394776391,0.5384717032,0.7915616154,1.292040678,,8.66,,,16.7,17.46,21,22.7,24.64,26.61,14.09999994,30.87029573,,
Senegal,SEN,Individuals using the Internet (% of population),IT.NET.USER.ZS,,,,,,,,,,,,,,,,,,,,,,,,,,,,,,,0,,,,,0.000692848,0.011238219,0.027347441,0.079871379,0.311090952,0.4039674859,0.9837940588,1.006454537,2.10143643,4.38602398,4.786684083,5.611738652,6.89,7.12,7.5,8,9.8,10.8,13.1,17.7,27,25.66476804,46,,
Singapore,SGP,Individuals using the Internet (% of population),IT.NET.USER.ZS,,,,,,,,,,,,,,,,,,,,,,,,,,,,,,,0,0.161504498,0.471368155,0.763278139,1.185203797,2.873418722,8.34995903,13.47162042,19.59076716,24.15543693,36,41.67042518,47,53.83794329,62,61,59,69.9,69,69,71,71,72,80.90205685,79.02923586,79.012957,84.45226789,84.44953878,88.16563603,
Solomon Islands,SLB,Individuals using the Internet (% of population),IT.NET.USER.ZS,,,,,,,,,,,,,,,,,,,,,,,,,,,,,,,0,,,,,0.02487191,0.268683585,0.391923246,0.508292797,0.494541498,0.4812968061,0.4685519636,0.5019198434,0.5556098819,0.6496726733,0.8443075728,1.646347989,2,3,4,5,6,6.9974,8,9,10.00046498,11.00090227,11.92422906,,
Sierra Leone,SLE,Individuals using the Internet (% of population),IT.NET.USER.ZS,,,,,,,,,,,,,,,,,,,,,,,,,,,,,,,0,,,0,0,0,0.002506116,0.004987835,0.014805065,0.048490656,0.1182542457,0.1602644455,0.1761989568,0.1901732817,0.2030076806,0.2153916103,0.2276694672,0.2398346985,0.25,0.26,0.58,0.9,2.5,4,6.057298984,6.344421603,11.77318438,9,,
El Salvador,SLV,Individuals using the Internet (% of population),IT.NET.USER.ZS,,,,,,,,,,,,,,,,,,,,,,,,,,,,,,,0,,,,,,0.086389581,0.256960679,0.425253672,0.845428741,1.177397269,1.5,1.9,2.5,3.2,4.2,5.5,6.11,10.08,12.11,15.9,18.9,20.32138772,23.1093,24.76171215,26.80260496,28.99707305,33.8207289,,
San Marino,SMR,Individuals using the Internet (% of population),IT.NET.USER.ZS,,,,,,,,,,,,,,,,,,,,,,,,,,,,,,,0,,,,,1.362132711,1.428075186,1.41854848,1.408557941,42.80331575,48.79949531,50.34166909,50.83483994,50.00345304,50.56634304,50.2595642,50.20865936,50.36482211,54.52,54.21,,49.6,,,,,,60.18230126,,
Somalia,SOM,Individuals using the Internet (% of population),IT.NET.USER.ZS,,,,,,,,,,,,,,,,,,,,,,,,,,,,,,,0,,,,,0,0.00150955,0.002948713,0.00716442,0.013910394,0.02,0.07903917867,0.1156142134,0.3761980025,1.053454744,1.077327839,1.100216368,1.122235622,1.142687372,1.160610542,,1.25,1.3767,1.5,1.63,1.76,1.88,2.004048698,,
Serbia,SRB,Individuals using the Internet (% of population),IT.NET.USER.ZS,,,,,,,,,,,,,,,,,,,,,,,,,,,,,,,,,,,,,,,,,,,,,23.5,26.3,27.2,33.15,35.6,38.1,40.9,42.2,48.1,53.45036418,62.07508046,65.3170254,67.05684137,70.33083553,73.36070915,
Sub-Saharan Africa (excluding high income),SSA,Individuals using the Internet (% of population),IT.NET.USER.ZS,,,,,,,,,,,,,,,,,,,,,,,,,,,,,,,,,,,,,0.06865505776,0.1288326052,0.2341674772,0.3596157874,0.5001119274,0.639732242,0.8255390859,1.1034662,1.49643281,2.029901152,2.701036523,3.482659382,3.882418822,4.604498533,7.000946219,8.395639079,10.2828145,12.36045016,15.05322976,20.74272533,19.33774262,25.41226886,,
South Sudan,SSD,Individuals using the Internet (% of population),IT.NET.USER.ZS,,,,,,,,,,,,,,,,,,,,,,,,,,,,,,,,,,,,,,,,,,,,,,,,,,,,,,3.829969245,4.51615373,5.5,6.679728051,7.977428907,,
Sub-Saharan Africa,SSF,Individuals using the Internet (% of population),IT.NET.USER.ZS,,,,,,,,,,,,,,,,,,,,,,,,,,,,,,,,,,,,,0.06873571937,0.1289796658,0.2344544805,0.3603393112,0.5009513798,0.6409842658,0.827155548,1.105080301,1.499136243,2.032654433,2.705020618,3.486584717,3.886651827,4.604498533,7.004607568,8.399256103,10.28656847,12.36421745,15.05674975,20.74592323,19.34122243,25.4153315,,
Small states,SST,Individuals using the Internet (% of population),IT.NET.USER.ZS,,,,,,,,,,,,,,,,,,,,,,,,,,,,,,,,,,,,,0.7214958002,1.257102565,2.254511479,3.179059495,5.006702332,6.686501152,8.936223213,10.86755113,12.63783598,13.71756816,15.3535861,17.35886827,20.00178158,22.43499486,25.94646784,30.21939986,32.92957071,37.17961154,40.76040618,43.92834012,46.56373052,52.7965439,,
Sao Tome and Principe,STP,Individuals using the Internet (% of population),IT.NET.USER.ZS,,,,,,,,,,,,,,,,,,,,,,,,,,,,,,,0,,,,,,,,0.295847047,0.363203161,4.638516816,6.310917888,7.580665169,10.16184431,13.32285269,13.75948422,14.18201978,14.5904832,15.48,16.41,18.75,20.1612,21.5724,23,24.41,25.82,28,29.9312292,,
Suriname,SUR,Individuals using the Internet (% of population),IT.NET.USER.ZS,,,,,,,,,,,,,,,,,,,,,,,,,,,,,,,0,,,,,0.114720735,0.226306297,1.003086936,1.670148436,1.891871357,2.506411052,3.064448389,4.161568745,4.719875395,6.076047814,6.403086288,9.499626942,14.11,21.06,31.36,31.59,32,34.6812,37.4,40.08,42.76382778,45.4,48.94517397,,
Slovak Republic,SVK,Individuals using the Internet (% of population),IT.NET.USER.ZS,,,,,,,,,,,,,,,,,,,,,,,,,,,,,,,0,,,0.127829232,0.318509704,0.523210163,0.783290109,1.173381014,2.689809786,5.437758139,9.426803201,12.52832185,40.14,43.04,52.89,55.19,56.08,61.8,66.05,70,75.71,74.43999717,76.70999012,77.8826,79.98,77.6347,80.47585728,81.62566752,80.66033556,
Slovenia,SVN,Individuals using the Internet (% of population),IT.NET.USER.ZS,,,,,,,,,,,,,,,,,,,,,,,,,,,,,,,0,,,0.409792399,1.071570172,2.898985609,5.072272271,7.591923004,10.10460285,12.61093843,15.11025956,30.17591047,27.83888542,31.85479301,40.81,46.81,54.01,56.74,58,64,70,67.33999481,68.34997453,72.6756,71.59,73.0987,75.49850426,78.88542636,79.7499766,
Sweden,SWE,Individuals using the Internet (% of population),IT.NET.USER.ZS,,,,,,,,,,,,,,,,,,,,,,,,,,,,,,,0.584192066,1.160519453,1.497871352,1.716364182,3.412810096,5.098024244,9.04359976,23.72794756,33.46751233,41.43278316,45.68765221,51.76566494,70.57,79.13,83.89,84.83,87.76,82.01,90,91,90,92.76998606,93.17998801,94.7836,92.52,90.6102,89.65094761,95.51006745,92.14167705,
Eswatini,SWZ,Individuals using the Internet (% of population),IT.NET.USER.ZS,,,,,,,,,,,,,,,,,,,,,,,,,,,,,,,0,,,,,0.00103175,0.050399009,0.088545986,0.096099605,0.4707176,0.9261917773,1.28159005,1.816203807,2.437073851,3.228685073,3.696961073,3.696538789,4.1,6.85,8.94,11.04,18.13,20.78178258,24.7,26.17500573,25.64304231,28.57352278,47,,
Sint Maarten (Dutch part),SXM,Individuals using the Internet (% of population),IT.NET.USER.ZS,,,,,,,,,,,,,,,,,,,,,,,,,,,,,,,,,,,,,,,,,,,,,,,,,,,,,,,,,,,,
Seychelles,SYC,Individuals using the Internet (% of population),IT.NET.USER.ZS,,,,,,,,,,,,,,,,,,,,,,,,,,,,,,,0,,,,,,0.651474286,1.28295593,2.526177514,6.229054803,7.395629183,11.01510293,14.30417083,14.59250432,24.27213922,25.41326815,34.95197117,38.38,40.44,,41,43.16400446,47.076,50.4,51.25470199,54.25961786,56.51470815,58.76981124,,
Syrian Arab Republic,SYR,Individuals using the Internet (% of population),IT.NET.USER.ZS,0,,,,,0,,,,,0,,,,,0,0,0,0,0,0,0,0,0,0,0,0,0,0,0,0,0,0,0,0,0,0,0.032607814,0.063687286,0.124295462,0.1816985801,0.35375913,2.093101019,3.397972614,4.321593778,5.648106049,7.832551569,11.5,14,17.3,20.7,22.5,24.3001,26.2,28.09,29.97979724,31.86962727,34.25340193,,
Turks and Caicos Islands,TCA,Individuals using the Internet (% of population),IT.NET.USER.ZS,,,,,,,,,,,,,,,,,,,,,,,,,,,,,,,0,,,,,,,,,,,,,,,,,,,,,,,,,,,,,
Chad,TCD,Individuals using the Internet (% of population),IT.NET.USER.ZS,,,,,,,,,,,,,,,,,,,,,,,,,,,,,,,0,,,,,,,0.000658168,0.004268504,0.012321728,0.03570707629,0.04593413436,0.1660696647,0.3203085554,0.360920107,0.3992577001,0.5810457642,0.8472245207,1.19,1.5,1.7,1.9,2.1,2.5,2.9,3.5,5,6.49999812,,
East Asia & Pacific (IDA & IBRD countries),TEA,Individuals using the Internet (% of population),IT.NET.USER.ZS,,,,,,,,,,,,,,,,,,,,,,,,,,,,,,,,,,0.001156527288,0.004014643085,0.01305158341,0.03362757773,0.09532091782,0.3273659835,0.8632002654,1.918346176,2.812983481,4.460749035,5.835500713,6.9700166,8.417823143,10.29604228,14.56543769,19.51370881,24.08590155,29.34051305,32.8066999,36.52915947,39.71641937,42.06180275,44.2904169,48.72880783,51.16874466,,
Europe & Central Asia (IDA & IBRD countries),TEC,Individuals using the Internet (% of population),IT.NET.USER.ZS,,,,,,,,,,,,,,,,,,,,,,,,,,,,,,,,,,0.02432176655,0.07656411757,0.1466401868,0.2999056014,0.5373002147,1.022982429,1.533554355,2.501011551,3.603857509,6.602095981,9.121393289,12.92131064,15.06450489,17.84308926,23.0680842,26.65027039,30.42741605,38.13634458,42.55530888,50.10621737,53.77650648,57.83269922,59.67191666,63.51476431,67.37072259,73.52092153,
Togo,TGO,Individuals using the Internet (% of population),IT.NET.USER.ZS,0,,,,,0,,,,,0,,,,,0,0,0,0,0,0,0,0,0,0,0,0,0,0,0,0,0,0,0,0,0,0.010929139,0.211139465,0.305583935,0.590363264,0.8,0.9,1,1.2,1.5,1.8,2,2.2,2.4,2.6,3,3.5,4,4.5,5.7,7.12,11.31,12.36022497,,
Thailand,THA,Individuals using the Internet (% of population),IT.NET.USER.ZS,0,,,,,0,,,,,0,,,,,0,0,0,0,0,0,0,0,0,0,0,0,0,0,0,0,0.0000522,0.000343725,0.013580966,0.038614321,0.074825338,0.115472136,0.360522185,1.091218985,2.426242432,3.689041279,5.556326121,7.531250335,9.299027238,10.67730332,15.02600436,17.16071472,20.03,18.2,20.1,22.4,23.66992562,26.46,28.94,34.89,39.31612674,47.50496562,52.89192934,56.81748093,
Tajikistan,TJK,Individuals using the Internet (% of population),IT.NET.USER.ZS,,,,,,,,,,,,,,,,,,,,,,,,,,,,,,,0,,,,,,,,,0.032791858,0.04859959458,0.05125913254,0.05546282699,0.06458377715,0.07747990714,0.2986900237,3.772406207,7.197619518,8.78,10.07,11.55,13.03,14.51,16,17.49,18.98,20.47,21.96,,
Turkmenistan,TKM,Individuals using the Internet (% of population),IT.NET.USER.ZS,,,,,,,,,,,,,,,,,,,,,,,,,,,,,,,0,,,,,,,,,0.04502077,0.1332821826,0.1752095177,0.3021320162,0.4251826319,0.7540539827,0.9972565585,1.319573118,1.406360688,1.75,1.95,3,5,7.1958,9.6,12.2,14.99677482,17.99032446,21.25099741,,
Latin America & the Caribbean (IDA & IBRD countries),TLA,Individuals using the Internet (% of population),IT.NET.USER.ZS,,,,,,,,,,,,,,,,,,,,,,,,,,,,,,,,,0.01365185462,0.02992551283,0.050063886,0.1110576696,0.3139428004,0.6139212566,1.237923644,2.063242063,3.903542966,5.646696906,8.87928662,11.31040588,14.44459053,16.68477739,20.89440232,23.90483606,26.68353395,31.27745362,34.97616509,39.69996377,43.38965472,46.41458086,48.93587947,54.8571419,57.52467638,63.25988639,65.80628544,
Timor-Leste,TLS,Individuals using the Internet (% of population),IT.NET.USER.ZS,,,,,,,,,,,,,,,,,,,,,,,,,,,,,,,0,,,,,,,,,,,,0,,,0.09903176782,0.5,1,1.5,2,3,4,7,11,17.5,23,25.24624959,27.49273173,,
Middle East & North Africa (IDA & IBRD countries),TMN,Individuals using the Internet (% of population),IT.NET.USER.ZS,,,,,,,,,,,,,,,,,,,,,,,,,,,,,,,,,,,0.002841634236,0.01337290952,0.02642987873,0.07811399206,0.1661680073,0.4312330493,0.8579760896,1.150888512,2.830497228,4.069927348,7.533921929,8.537191674,9.911408873,11.86851309,15.014675,17.69373258,20.64499734,22.91213403,26.18909979,29.71909709,34.70991998,43.04917317,42.99068822,50.9832271,59.56750219,
Tonga,TON,Individuals using the Internet (% of population),IT.NET.USER.ZS,,,,,,,,,,,,,,,,,,,,,,,,,,,,,,,0,,,,,0.12323112,0.163793456,0.510866122,0.765134358,1.01796712,2.434398044,2.825371839,2.907297316,2.985817368,3.952373895,4.907782762,5.853944095,7.179865329,8.110769944,10,16,25,30,32.75396061,35.95444145,38.65127243,39.95,41.24872764,,
South Asia (IDA & IBRD),TSA,Individuals using the Internet (% of population),IT.NET.USER.ZS,,,,,,,,,,,,,,,,,,,,,,,,,,,,,,,,,0.0001088920375,0.0002134052189,0.001077598399,0.0225380587,0.04090352937,0.06039075578,0.1177143583,0.2276466296,0.4759285093,0.6645429703,1.466644468,1.846656777,2.190075374,2.555646457,2.992240408,3.983817302,4.426259689,5.166866096,7.219739697,9.410017029,11.53112865,13.76061886,19.05930188,16.22347302,20.23984948,30.09918405,,
Sub-Saharan Africa (IDA & IBRD countries),TSS,Individuals using the Internet (% of population),IT.NET.USER.ZS,,,,,,,,,,,,,,,,,,,,,,,,,,,,,,,,,,,,,0.06873571937,0.1289796658,0.2344544805,0.3603393112,0.5009513798,0.6409842658,0.827155548,1.105080301,1.499136243,2.032654433,2.705020618,3.486584717,3.886651827,4.604498533,7.004607568,8.399256103,10.28656847,12.36421745,15.05674975,20.74592323,19.34122243,25.4153315,,
Trinidad and Tobago,TTO,Individuals using the Internet (% of population),IT.NET.USER.ZS,,,,,,,,,,,,,,,,,,,,,,,,,,,,,,,0,,,,,0.158149899,0.393080525,1.173174658,2.724825339,5.814250962,7.721411474,15.38462722,21.99867548,25.97176411,27.02427008,28.97671243,30.00374858,32.3,34.8,44.3,48.5,55.2,59.5162,63.8,65.1,69.19847061,73.29694122,77.32605293,,
Tunisia,TUN,Individuals using the Internet (% of population),IT.NET.USER.ZS,,,,,,,,,,,,,,,,,,,,,,,,,,,,,,,0,,,,0.007379544,0.011191954,0.027615372,0.043656974,0.107940957,1.602494764,2.750740293,4.297966035,5.252887295,6.490845795,8.528817752,9.655086542,12.98640865,17.1,27.53,34.07,36.8,39.1,41.4416,43.8,46.16,46.5,49.59999484,64.19081023,64.19081023,
Turkey,TUR,Individuals using the Internet (% of population),IT.NET.USER.ZS,,,,,,,,,,,,,,,,,,,,,,,,,,,,,,,0,,,0.008457732,0.049869182,0.081691205,0.192724936,0.473695432,0.698805129,2.292117685,3.761685035,5.189481461,11.38,12.33,14.58,15.46,18.24,28.63,34.37,36.4,39.82,43.06571043,45.13,46.25,51.04,53.74497914,58.34773401,64.68461768,71.04276107,
Tuvalu,TUV,Individuals using the Internet (% of population),IT.NET.USER.ZS,,,,,,,,,,,,,,,,,,,,,,,,,,,,,,,0,,,,,,,,,,5.241639585,,,,,,,10,15,20,25,30,35,37,39.2,42.7,46.00915151,49.31833862,,
Tanzania,TZA,Individuals using the Internet (% of population),IT.NET.USER.ZS,,,,,,,,,,,,,,,,,,,,,,,,,,,,,,,0,,,,,,0.001622155,0.007900283,0.009244125,0.075130889,0.1171944401,0.1713003507,0.2224844139,0.6769628565,0.877574971,1.1,1.3,1.6,1.9,2.4,2.9,3.2,3.95,4.4,7,20,13,25,,
Uganda,UGA,Individuals using the Internet (% of population),IT.NET.USER.ZS,,,,,,,,,,,,,,,,,,,,,,,,,,,,,,,0,,,,,0.002863471,0.004625948,0.010319341,0.065289465,0.10554394,0.1637140631,0.2379450872,0.384093505,0.4648498401,0.7199706799,1.742205503,2.529363038,3.671965351,7.9,9.78,12.5,13.01354333,14.1,15.5,16.9,17.83485947,21.87617046,23.70653091,,
Ukraine,UKR,Individuals using the Internet (% of population),IT.NET.USER.ZS,,,,,,,,,,,,,,,,,,,,,,,,,,,,,,,0,,,0.00077697,0.013641246,0.043083985,0.098580381,0.198821885,0.301075792,0.405385448,0.716183762,1.238759547,1.873885116,3.148127588,3.489477881,3.749764415,4.506124564,6.55,11,17.9,23.3,28.70826284,35.27,40.954129,46.23597546,48.88464368,53,58.88947945,62.55315539,
Upper middle income,UMC,Individuals using the Internet (% of population),IT.NET.USER.ZS,,,,,,,,,,,,,,,,,,,,,,,,,,,,,,,,,,0.009226192925,0.02155916439,0.05254015679,0.123150305,0.2564867086,0.6033185835,1.262480623,2.480611373,3.570263147,5.895430269,7.777848539,9.771548334,11.3806831,13.86219799,18.4891228,23.18645311,28.17176875,33.51090594,37.77015795,42.41579416,45.8037133,48.67138839,52.4755511,55.224542,58.81409555,,
Uruguay,URY,Individuals using the Internet (% of population),IT.NET.USER.ZS,,,,,,,,,,,,,,,,,,,,,,,,,,,,,,,0,,,,0.062474386,0.310128582,1.847472089,3.363239668,6.987069365,9.972765285,10.53905775,11.12143768,11.4194702,15.93713672,17.06309834,20.08818956,29.4,34,39.3,41.8,46.4,51.40466106,54.45376868,57.69,61.46,64.5707871,66.4,68.27966256,74.76713473,
United States,USA,Individuals using the Internet (% of population),IT.NET.USER.ZS,,,,,,,,,,,,,,,,,,,,,,,,,,,,,,,0.784728502,1.163193726,1.724202539,2.271673294,4.862780635,9.237088297,16.41935296,21.61640097,30.09319659,35.84872446,43.07916264,49.08083159,58.78540388,61.69711712,64.75825648,67.96805292,68.93119327,75,74,71,71.69,69.72946076,74.7,71.4,73,74.55420245,85.54442129,87.26611282,,
Uzbekistan,UZB,Individuals using the Internet (% of population),IT.NET.USER.ZS,,,,,,,,,,,,,,,,,,,,,,,,,,,,,,,0,,,,,0.001527093,0.004285074,0.010536935,0.020754437,0.030688343,0.4843473077,0.5975679939,1.081939742,1.912595178,2.593725421,3.343509888,6.388321967,7.490604681,9.080114523,11.9,15.9,18.6,23.6,26.8,35.5,42.8,46.79128694,52.30510079,55.2,
St. Vincent and the Grenadines,VCT,Individuals using the Internet (% of population),IT.NET.USER.ZS,,,,,,,,,,,,,,,,,,,,,,,,,,,,,,,0,,,,,0.128634622,0.483248317,0.926371957,1.853997683,2.7820023,3.245037411,5.094809778,5.54959488,6.462274167,7.371165842,9.198278082,12,16,21,31,33.7,36.7,40,43.5,47.4,17.13206652,20.68943522,22.00427798,22.39426119,
"Venezuela, RB",VEN,Individuals using the Internet (% of population),IT.NET.USER.ZS,,,,,,,,,,,,,,,,,,,,,,,,,,,,,,,0,,0.012082134,0.041587233,0.055486978,0.122214848,0.24826058,0.390959318,1.383990391,2.839825767,3.359597465,4.636000948,4.910446327,7.499963465,8.404469592,12.55299791,15.22471148,20.83,25.88,32.7,37.37,40.22,49.05008307,54.9,57,64,60,72,,
British Virgin Islands,VGB,Individuals using the Internet (% of population),IT.NET.USER.ZS,,,,,,,,,,,,,,,,,,,,,,,,,,,,,,,0,,,,,,,,,,,,18.88574127,,,,,,,36,37,37.4,37.6,,,,77.70142968,77.70426829,,
Virgin Islands (U.S.),VIR,Individuals using the Internet (% of population),IT.NET.USER.ZS,,,,,,,,,,,,,,,,,,,,,,,,,,,,,,,0,,,,0.940645283,2.801957634,4.647185664,6.948368986,9.245220221,11.07460593,13.81508054,18.37576604,27.49443238,27.42907299,27.37700879,27.34431967,27.33261054,27.33933584,27.36177742,27.39650968,31.22,35.6,40.5479,45.3,50.07,54.8391373,59.6083158,64.3774943,,
Vietnam,VNM,Individuals using the Internet (% of population),IT.NET.USER.ZS,,,,,,,,,,,,,,,,,,,,,,,,,,,,,,,0,,,,,,0.000134813,0.003981962,0.013078543,0.128926663,0.2542482758,1.265651236,1.854999236,3.780280814,7.642408528,12.73992929,17.25456172,20.75544477,23.92,26.55,30.65,35.07,36.8,38.5,41,45,53,58.14,70.34963558,
Vanuatu,VUT,Individuals using the Internet (% of population),IT.NET.USER.ZS,,,,,,,,,,,,,,,,,,,,,,,,,,,,,,,0,,,,,,0.056845636,0.139505815,0.274185942,0.538300048,2.108336891,2.830572239,3.510038711,3.903295845,4.746602619,5.082333808,5.850585059,6.8,7.269119923,7.5,8,9.2,10.598,11.3,18.8,22.35140458,24,25.71978784,,
World,WLD,Individuals using the Internet (% of population),IT.NET.USER.ZS,,,,,,,,,,,,,,,,,,,,,,,,,,,,,,,0.04923535039,,,0.2514504426,0.4459770869,0.7756496893,1.323470454,2.039506526,3.136401901,4.629930457,6.733874745,8.059066274,10.52835563,12.21158037,14.10034903,15.70287813,17.48317254,20.41170778,22.95874089,25.37079429,28.75346406,31.14816302,34.22538459,36.76634273,39.85855262,41.68848485,44.70369974,49.72307908,,
Samoa,WSM,Individuals using the Internet (% of population),IT.NET.USER.ZS,,,,,,,,,,,,,,,,,,,,,,,,,,,,,,,0,,,,,,,0.174571863,0.230359015,0.285308333,0.5663925327,1.689902831,2.244832676,2.799630449,3.07552941,3.352592112,4.469173873,4.749983235,5.031615316,6,7,11,12.92249,15.3,21.2,25.40700977,29.41173011,33.61093932,,
Kosovo,XKX,Individuals using the Internet (% of population),IT.NET.USER.ZS,,,,,,,,,,,,,,,,,,,,,,,,,,,,,,,,,,,,,,,,,,,,,,,,,,,,,,,,,,83.89359681,89.44303197,
"Yemen, Rep.",YEM,Individuals using the Internet (% of population),IT.NET.USER.ZS,,,,,,,,,,,,,,,,,,,,,,,,,,,,,,,0,,,,,,0.000621081,0.015025295,0.023323243,0.056628675,0.08250038651,0.09080245872,0.5187960321,0.6047341004,0.8812229887,1.048597934,1.247824049,5.01,6.89,9.96,12.35,14.905,17.4465,20,22.55,24.08540947,24.57920836,26.71835477,,
South Africa,ZAF,Individuals using the Internet (% of population),IT.NET.USER.ZS,,,,,,,,,,,,,,,,,,,,,,,,,,,,,,,0,0.013283591,0.038869106,0.113747184,0.246905533,0.676740104,0.841882931,1.632093791,2.906220867,4.116249583,5.348559732,6.346619318,6.710322437,7.007691726,8.425118683,7.48854253,7.607139675,8.065375174,8.43,10,24,33.97,41,46.5,49,51.91911572,54,56.16739447,,
Zambia,ZMB,Individuals using the Internet (% of population),IT.NET.USER.ZS,,,,,,,,,,,,,,,,,,,,,,,,,,,,,,,0,,,,0.006776105,0.008783623,0.009069176,0.009329658,0.030226183,0.147053172,0.1910716425,0.2331295563,0.4777509069,0.9804830394,2.013549532,2.851752261,4.159913394,4.87,5.55,6.31,10,11.5,13.4682,15.4,19,21,25.50657885,27.8525791,14.2999971,
Zimbabwe,ZWE,Individuals using the Internet (% of population),IT.NET.USER.ZS,,,,,,,,,,,,,,,,,,,,,,,,,,,,,,,0,,,,0.00173928,0.00768354,0.016790484,0.033080327,0.081648476,0.161675528,0.4014335352,0.7998460456,1.1,1.8,2.1,2.4,2.4,3,3.5,4,6.4,8.4,12,15.5,16.36473996,22.7428181,23.11998904,27.05548769,,